DK, 1993, kidney, 0, num, deceased
DK, 1993, liver, 0, num, deceased
DK, 1993, pancreas, 0, num, deceased
DK, 1993, heart, 0, num, deceased
DK, 1993, lung, 0, num, deceased
DK, 1993, heart/lung, -, num, deceased
DK, 1993, kidney, 0, pmp, deceased
DK, 1993, liver, 0, pmp, deceased
DK, 1993, pancreas, 0, pmp, deceased
DK, 1993, heart, 0, pmp, deceased
DK, 1993, lung, 0, pmp, deceased
DK, 1993, heart/lung, -, pmp, deceased
DK, 1993, kidney, 50, num, living
DK, 1993, liver, 0, num, living
DK, 1993, pancreas, -, num, living
DK, 1993, heart, -, num, living
DK, 1993, lung, -, num, living
DK, 1993, heart/lung, -, num, living
DK, 1993, kidney, 9.80, pmp, living
DK, 1993, liver, 0, pmp, living
DK, 1993, pancreas, -, pmp, living
DK, 1993, heart, -, pmp, living
DK, 1993, lung, -, pmp, living
DK, 1993, heart/lung, -, pmp, living
DK, 1994, kidney, 0, num, deceased
DK, 1994, liver, 0, num, deceased
DK, 1994, pancreas, 0, num, deceased
DK, 1994, heart, 0, num, deceased
DK, 1994, lung, 0, num, deceased
DK, 1994, heart/lung, -, num, deceased
DK, 1994, kidney, 0, pmp, deceased
DK, 1994, liver, 0, pmp, deceased
DK, 1994, pancreas, 0, pmp, deceased
DK, 1994, heart, 0, pmp, deceased
DK, 1994, lung, 0, pmp, deceased
DK, 1994, heart/lung, -, pmp, deceased
DK, 1994, kidney, 60, num, living
DK, 1994, liver, 0, num, living
DK, 1994, pancreas, -, num, living
DK, 1994, heart, -, num, living
DK, 1994, lung, -, num, living
DK, 1994, heart/lung, -, num, living
DK, 1994, kidney, 12, pmp, living
DK, 1994, liver, 0, pmp, living
DK, 1994, pancreas, -, pmp, living
DK, 1994, heart, -, pmp, living
DK, 1994, lung, -, pmp, living
DK, 1994, heart/lung, -, pmp, living
DK, 1995, kidney, 0, num, deceased
DK, 1995, liver, 0, num, deceased
DK, 1995, pancreas, 0, num, deceased
DK, 1995, heart, 0, num, deceased
DK, 1995, lung, 0, num, deceased
DK, 1995, heart/lung, -, num, deceased
DK, 1995, kidney, 0, pmp, deceased
DK, 1995, liver, 0, pmp, deceased
DK, 1995, pancreas, 0, pmp, deceased
DK, 1995, heart, 0, pmp, deceased
DK, 1995, lung, 0, pmp, deceased
DK, 1995, heart/lung, -, pmp, deceased
DK, 1995, kidney, 40, num, living
DK, 1995, liver, 0, num, living
DK, 1995, pancreas, -, num, living
DK, 1995, heart, -, num, living
DK, 1995, lung, -, num, living
DK, 1995, heart/lung, -, num, living
DK, 1995, kidney, 7.60, pmp, living
DK, 1995, liver, 0, pmp, living
DK, 1995, pancreas, -, pmp, living
DK, 1995, heart, -, pmp, living
DK, 1995, lung, -, pmp, living
DK, 1995, heart/lung, -, pmp, living
DK, 1996, kidney, 0, num, deceased
DK, 1996, liver, 0, num, deceased
DK, 1996, pancreas, 0, num, deceased
DK, 1996, heart, 0, num, deceased
DK, 1996, lung, 0, num, deceased
DK, 1996, heart/lung, -, num, deceased
DK, 1996, kidney, 0, pmp, deceased
DK, 1996, liver, 0, pmp, deceased
DK, 1996, pancreas, 0, pmp, deceased
DK, 1996, heart, 0, pmp, deceased
DK, 1996, lung, 0, pmp, deceased
DK, 1996, heart/lung, -, pmp, deceased
DK, 1996, kidney, 42, num, living
DK, 1996, liver, 0, num, living
DK, 1996, pancreas, -, num, living
DK, 1996, heart, -, num, living
DK, 1996, lung, -, num, living
DK, 1996, heart/lung, -, num, living
DK, 1996, kidney, 8, pmp, living
DK, 1996, liver, 0, pmp, living
DK, 1996, pancreas, -, pmp, living
DK, 1996, heart, -, pmp, living
DK, 1996, lung, -, pmp, living
DK, 1996, heart/lung, -, pmp, living
DK, 1997, kidney, 0, num, deceased
DK, 1997, liver, 0, num, deceased
DK, 1997, pancreas, 0, num, deceased
DK, 1997, heart, 0, num, deceased
DK, 1997, lung, 0, num, deceased
DK, 1997, heart/lung, -, num, deceased
DK, 1997, kidney, 0, pmp, deceased
DK, 1997, liver, 0, pmp, deceased
DK, 1997, pancreas, 0, pmp, deceased
DK, 1997, heart, 0, pmp, deceased
DK, 1997, lung, 0, pmp, deceased
DK, 1997, heart/lung, -, pmp, deceased
DK, 1997, kidney, 45, num, living
DK, 1997, liver, 1, num, living
DK, 1997, pancreas, -, num, living
DK, 1997, heart, -, num, living
DK, 1997, lung, -, num, living
DK, 1997, heart/lung, -, num, living
DK, 1997, kidney, 8.60, pmp, living
DK, 1997, liver, 0.1, pmp, living
DK, 1997, pancreas, -, pmp, living
DK, 1997, heart, -, pmp, living
DK, 1997, lung, -, pmp, living
DK, 1997, heart/lung, -, pmp, living
DK, 1998, kidney, 0, num, deceased
DK, 1998, liver, 0, num, deceased
DK, 1998, pancreas, 0, num, deceased
DK, 1998, heart, 0, num, deceased
DK, 1998, lung, 0, num, deceased
DK, 1998, heart/lung, -, num, deceased
DK, 1998, kidney, 0, pmp, deceased
DK, 1998, liver, 0, pmp, deceased
DK, 1998, pancreas, 0, pmp, deceased
DK, 1998, heart, 0, pmp, deceased
DK, 1998, lung, 0, pmp, deceased
DK, 1998, heart/lung, -, pmp, deceased
DK, 1998, kidney, 38, num, living
DK, 1998, liver, 1, num, living
DK, 1998, pancreas, -, num, living
DK, 1998, heart, -, num, living
DK, 1998, lung, -, num, living
DK, 1998, heart/lung, -, num, living
DK, 1998, kidney, 7.20, pmp, living
DK, 1998, liver, 0.2, pmp, living
DK, 1998, pancreas, -, pmp, living
DK, 1998, heart, -, pmp, living
DK, 1998, lung, -, pmp, living
DK, 1998, heart/lung, -, pmp, living
DK, 1999, kidney, 126, num, deceased
DK, 1999, liver, 30, num, deceased
DK, 1999, pancreas, 0, num, deceased
DK, 1999, heart, 26, num, deceased
DK, 1999, lung, 38, num, deceased
DK, 1999, heart/lung, -, num, deceased
DK, 1999, kidney, 23.5, pmp, deceased
DK, 1999, liver, 5.60, pmp, deceased
DK, 1999, pancreas, 0, pmp, deceased
DK, 1999, heart, 4.90, pmp, deceased
DK, 1999, lung, 7.10, pmp, deceased
DK, 1999, heart/lung, -, pmp, deceased
DK, 1999, kidney, 42, num, living
DK, 1999, liver, 1, num, living
DK, 1999, pancreas, -, num, living
DK, 1999, heart, -, num, living
DK, 1999, lung, -, num, living
DK, 1999, heart/lung, -, num, living
DK, 1999, kidney, 7.80, pmp, living
DK, 1999, liver, 0.2, pmp, living
DK, 1999, pancreas, -, pmp, living
DK, 1999, heart, -, pmp, living
DK, 1999, lung, -, pmp, living
DK, 1999, heart/lung, -, pmp, living
DK, 2000, kidney, 121, num, deceased
DK, 2000, liver, 24, num, deceased
DK, 2000, pancreas, 0, num, deceased
DK, 2000, heart, 28, num, deceased
DK, 2000, lung, 27, num, deceased
DK, 2000, heart/lung, -, num, deceased
DK, 2000, kidney, 22.30, pmp, deceased
DK, 2000, liver, 4.40, pmp, deceased
DK, 2000, pancreas, 0, pmp, deceased
DK, 2000, heart, 5.20, pmp, deceased
DK, 2000, lung, 5, pmp, deceased
DK, 2000, heart/lung, -, pmp, deceased
DK, 2000, kidney, 33, num, living
DK, 2000, liver, 0, num, living
DK, 2000, pancreas, -, num, living
DK, 2000, heart, -, num, living
DK, 2000, lung, -, num, living
DK, 2000, heart/lung, -, num, living
DK, 2000, kidney, 6.10, pmp, living
DK, 2000, liver, 0, pmp, living
DK, 2000, pancreas, -, pmp, living
DK, 2000, heart, -, pmp, living
DK, 2000, lung, -, pmp, living
DK, 2000, heart/lung, -, pmp, living
DK, 2001, kidney, 121, num, deceased
DK, 2001, liver, 32, num, deceased
DK, 2001, pancreas, 0, num, deceased
DK, 2001, heart, 31, num, deceased
DK, 2001, lung, 22, num, deceased
DK, 2001, heart/lung, -, num, deceased
DK, 2001, kidney, 22.30, pmp, deceased
DK, 2001, liver, 5.80, pmp, deceased
DK, 2001, pancreas, 0, pmp, deceased
DK, 2001, heart, 5.70, pmp, deceased
DK, 2001, lung, 4.10, pmp, deceased
DK, 2001, heart/lung, -, pmp, deceased
DK, 2001, kidney, 41, num, living
DK, 2001, liver, 0, num, living
DK, 2001, pancreas, -, num, living
DK, 2001, heart, -, num, living
DK, 2001, lung, -, num, living
DK, 2001, heart/lung, -, num, living
DK, 2001, kidney, 7.60, pmp, living
DK, 2001, liver, 0, pmp, living
DK, 2001, pancreas, -, pmp, living
DK, 2001, heart, -, pmp, living
DK, 2001, lung, -, pmp, living
DK, 2001, heart/lung, -, pmp, living
DK, 2002, kidney, 131, num, deceased
DK, 2002, liver, 38, num, deceased
DK, 2002, pancreas, 0, num, deceased
DK, 2002, heart, 30, num, deceased
DK, 2002, lung, 37, num, deceased
DK, 2002, heart/lung, -, num, deceased
DK, 2002, kidney, 22.90, pmp, deceased
DK, 2002, liver, 6.60, pmp, deceased
DK, 2002, pancreas, 0, pmp, deceased
DK, 2002, heart, 5.20, pmp, deceased
DK, 2002, lung, 6.40, pmp, deceased
DK, 2002, heart/lung, -, pmp, deceased
DK, 2002, kidney, 39, num, living
DK, 2002, liver, 1, num, living
DK, 2002, pancreas, -, num, living
DK, 2002, heart, -, num, living
DK, 2002, lung, -, num, living
DK, 2002, heart/lung, -, num, living
DK, 2002, kidney, 6.80, pmp, living
DK, 2002, liver, 0.1, pmp, living
DK, 2002, pancreas, -, pmp, living
DK, 2002, heart, -, pmp, living
DK, 2002, lung, -, pmp, living
DK, 2002, heart/lung, -, pmp, living
DK, 2003, kidney, 129, num, deceased
DK, 2003, liver, 37, num, deceased
DK, 2003, pancreas, 0, num, deceased
DK, 2003, heart, 26, num, deceased
DK, 2003, lung, 36, num, deceased
DK, 2003, heart/lung, -, num, deceased
DK, 2003, kidney, 24, pmp, deceased
DK, 2003, liver, 6.90, pmp, deceased
DK, 2003, pancreas, 0, pmp, deceased
DK, 2003, heart, 4.80, pmp, deceased
DK, 2003, lung, 6.70, pmp, deceased
DK, 2003, heart/lung, -, pmp, deceased
DK, 2003, kidney, 47, num, living
DK, 2003, liver, 2, num, living
DK, 2003, pancreas, -, num, living
DK, 2003, heart, -, num, living
DK, 2003, lung, -, num, living
DK, 2003, heart/lung, -, num, living
DK, 2003, kidney, 8.70, pmp, living
DK, 2003, liver, 0.4, pmp, living
DK, 2003, pancreas, -, pmp, living
DK, 2003, heart, -, pmp, living
DK, 2003, lung, -, pmp, living
DK, 2003, heart/lung, -, pmp, living
DK, 2004, kidney, 135, num, deceased
DK, 2004, liver, 41, num, deceased
DK, 2004, pancreas, 0, num, deceased
DK, 2004, heart, 22, num, deceased
DK, 2004, lung, 22, num, deceased
DK, 2004, heart/lung, -, num, deceased
DK, 2004, kidney, 25, pmp, deceased
DK, 2004, liver, 7.60, pmp, deceased
DK, 2004, pancreas, 0, pmp, deceased
DK, 2004, heart, 4, pmp, deceased
DK, 2004, lung, 4.10, pmp, deceased
DK, 2004, heart/lung, -, pmp, deceased
DK, 2004, kidney, 52, num, living
DK, 2004, liver, 1, num, living
DK, 2004, pancreas, -, num, living
DK, 2004, heart, -, num, living
DK, 2004, lung, -, num, living
DK, 2004, heart/lung, -, num, living
DK, 2004, kidney, 9.60, pmp, living
DK, 2004, liver, 0.2, pmp, living
DK, 2004, pancreas, -, pmp, living
DK, 2004, heart, -, pmp, living
DK, 2004, lung, -, pmp, living
DK, 2004, heart/lung, -, pmp, living
DK, 2005, kidney, 120, num, deceased
DK, 2005, liver, 41, num, deceased
DK, 2005, pancreas, 0, num, deceased
DK, 2005, heart, 16, num, deceased
DK, 2005, lung, 16, num, deceased
DK, 2005, heart/lung, -, num, deceased
DK, 2005, kidney, 22.20, pmp, deceased
DK, 2005, liver, 7.60, pmp, deceased
DK, 2005, pancreas, 0, pmp, deceased
DK, 2005, heart, 3, pmp, deceased
DK, 2005, lung, 3, pmp, deceased
DK, 2005, heart/lung, -, pmp, deceased
DK, 2005, kidney, 48, num, living
DK, 2005, liver, 0, num, living
DK, 2005, pancreas, -, num, living
DK, 2005, heart, -, num, living
DK, 2005, lung, -, num, living
DK, 2005, heart/lung, -, num, living
DK, 2005, kidney, 8.70, pmp, living
DK, 2005, liver, 0, pmp, living
DK, 2005, pancreas, -, pmp, living
DK, 2005, heart, -, pmp, living
DK, 2005, lung, -, pmp, living
DK, 2005, heart/lung, -, pmp, living
DK, 2006, kidney, 118, num, deceased
DK, 2006, liver, 36, num, deceased
DK, 2006, pancreas, 0, num, deceased
DK, 2006, heart, 25, num, deceased
DK, 2006, lung, 11, num, deceased
DK, 2006, heart/lung, -, num, deceased
DK, 2006, kidney, 21.70, pmp, deceased
DK, 2006, liver, 6.60, pmp, deceased
DK, 2006, pancreas, 0, pmp, deceased
DK, 2006, heart, 4.60, pmp, deceased
DK, 2006, lung, 2, pmp, deceased
DK, 2006, heart/lung, -, pmp, deceased
DK, 2006, kidney, 58, num, living
DK, 2006, liver, 0, num, living
DK, 2006, pancreas, -, num, living
DK, 2006, heart, -, num, living
DK, 2006, lung, -, num, living
DK, 2006, heart/lung, -, num, living
DK, 2006, kidney, 10.70, pmp, living
DK, 2006, liver, 0, pmp, living
DK, 2006, pancreas, -, pmp, living
DK, 2006, heart, -, pmp, living
DK, 2006, lung, -, pmp, living
DK, 2006, heart/lung, -, pmp, living
DK, 2007, kidney, 115, num, deceased
DK, 2007, liver, 43, num, deceased
DK, 2007, pancreas, 0, num, deceased
DK, 2007, heart, 29, num, deceased
DK, 2007, lung, 22, num, deceased
DK, 2007, heart/lung, -, num, deceased
DK, 2007, kidney, 21, pmp, deceased
DK, 2007, liver, 7.90, pmp, deceased
DK, 2007, pancreas, 0, pmp, deceased
DK, 2007, heart, 5.30, pmp, deceased
DK, 2007, lung, 4, pmp, deceased
DK, 2007, heart/lung, -, pmp, deceased
DK, 2007, kidney, 56, num, living
DK, 2007, liver, 0, num, living
DK, 2007, pancreas, -, num, living
DK, 2007, heart, -, num, living
DK, 2007, lung, -, num, living
DK, 2007, heart/lung, -, num, living
DK, 2007, kidney, 10.20, pmp, living
DK, 2007, liver, 0, pmp, living
DK, 2007, pancreas, -, pmp, living
DK, 2007, heart, -, pmp, living
DK, 2007, lung, -, pmp, living
DK, 2007, heart/lung, -, pmp, living
DK, 2008, kidney, 196, num, deceased
DK, 2008, liver, 44, num, deceased
DK, 2008, pancreas, 0, num, deceased
DK, 2008, heart, 20, num, deceased
DK, 2008, lung, 5, num, deceased
DK, 2008, heart/lung, -, num, deceased
DK, 2008, kidney, 35.70, pmp, deceased
DK, 2008, liver, 8.20, pmp, deceased
DK, 2008, pancreas, 0, pmp, deceased
DK, 2008, heart, 3.60, pmp, deceased
DK, 2008, lung, 0.9, pmp, deceased
DK, 2008, heart/lung, -, pmp, deceased
DK, 2008, kidney, 74, num, living
DK, 2008, liver, 0, num, living
DK, 2008, pancreas, -, num, living
DK, 2008, heart, -, num, living
DK, 2008, lung, -, num, living
DK, 2008, heart/lung, -, num, living
DK, 2008, kidney, 13.5, pmp, living
DK, 2008, liver, 0, pmp, living
DK, 2008, pancreas, -, pmp, living
DK, 2008, heart, -, pmp, living
DK, 2008, lung, -, pmp, living
DK, 2008, heart/lung, -, pmp, living
DK, 2009, kidney, 141, num, deceased
DK, 2009, liver, 39, num, deceased
DK, 2009, pancreas, 0, num, deceased
DK, 2009, heart, 27, num, deceased
DK, 2009, lung, 7, num, deceased
DK, 2009, heart/lung, -, num, deceased
DK, 2009, kidney, 25.60, pmp, deceased
DK, 2009, liver, 7.10, pmp, deceased
DK, 2009, pancreas, 0, pmp, deceased
DK, 2009, heart, 4.90, pmp, deceased
DK, 2009, lung, 1.30, pmp, deceased
DK, 2009, heart/lung, -, pmp, deceased
DK, 2009, kidney, 90, num, living
DK, 2009, liver, 0, num, living
DK, 2009, pancreas, -, num, living
DK, 2009, heart, -, num, living
DK, 2009, lung, -, num, living
DK, 2009, heart/lung, -, num, living
DK, 2009, kidney, 16.30, pmp, living
DK, 2009, liver, 0, pmp, living
DK, 2009, pancreas, -, pmp, living
DK, 2009, heart, -, pmp, living
DK, 2009, lung, -, pmp, living
DK, 2009, heart/lung, -, pmp, living
DK, 2010, kidney, 130, num, deceased
DK, 2010, liver, 47, num, deceased
DK, 2010, pancreas, 0, num, deceased
DK, 2010, heart, 22, num, deceased
DK, 2010, lung, 7, num, deceased
DK, 2010, heart/lung, -, num, deceased
DK, 2010, kidney, 23, pmp, deceased
DK, 2010, liver, 8.30, pmp, deceased
DK, 2010, pancreas, 0, pmp, deceased
DK, 2010, heart, 3.89, pmp, deceased
DK, 2010, lung, 1.24, pmp, deceased
DK, 2010, heart/lung, -, pmp, deceased
DK, 2010, kidney, 102, num, living
DK, 2010, liver, 0, num, living
DK, 2010, pancreas, -, num, living
DK, 2010, heart, -, num, living
DK, 2010, lung, -, num, living
DK, 2010, heart/lung, -, num, living
DK, 2010, kidney, 18.10, pmp, living
DK, 2010, liver, 0, pmp, living
DK, 2010, pancreas, -, pmp, living
DK, 2010, heart, -, pmp, living
DK, 2010, lung, -, pmp, living
DK, 2010, heart/lung, -, pmp, living
DK, 2011, kidney, 135, num, deceased
DK, 2011, liver, 51, num, deceased
DK, 2011, pancreas, 0, num, deceased
DK, 2011, heart, 29, num, deceased
DK, 2011, lung, 30, num, deceased
DK, 2011, heart/lung, -, num, deceased
DK, 2011, kidney, 24.25, pmp, deceased
DK, 2011, liver, 9.16, pmp, deceased
DK, 2011, pancreas, 0, pmp, deceased
DK, 2011, heart, 5.21, pmp, deceased
DK, 2011, lung, 5.39, pmp, deceased
DK, 2011, heart/lung, -, pmp, deceased
DK, 2011, kidney, 100, num, living
DK, 2011, liver, 0, num, living
DK, 2011, pancreas, -, num, living
DK, 2011, heart, -, num, living
DK, 2011, lung, -, num, living
DK, 2011, heart/lung, -, num, living
DK, 2011, kidney, 17.96, pmp, living
DK, 2011, liver, 0, pmp, living
DK, 2011, pancreas, -, pmp, living
DK, 2011, heart, -, pmp, living
DK, 2011, lung, -, pmp, living
DK, 2011, heart/lung, -, pmp, living
DK, 2012, kidney, 137, num, deceased
DK, 2012, liver, 48, num, deceased
DK, 2012, pancreas, 0, num, deceased
DK, 2012, heart, 26, num, deceased
DK, 2012, lung, 30, num, deceased
DK, 2012, heart/lung, -, num, deceased
DK, 2012, kidney, 24.08, pmp, deceased
DK, 2012, liver, 8.44, pmp, deceased
DK, 2012, pancreas, 0, pmp, deceased
DK, 2012, heart, 4.57, pmp, deceased
DK, 2012, lung, 5.27, pmp, deceased
DK, 2012, heart/lung, -, pmp, deceased
DK, 2012, kidney, 77, num, living
DK, 2012, liver, 0, num, living
DK, 2012, pancreas, -, num, living
DK, 2012, heart, -, num, living
DK, 2012, lung, -, num, living
DK, 2012, heart/lung, -, num, living
DK, 2012, kidney, 13.53, pmp, living
DK, 2012, liver, 0, pmp, living
DK, 2012, pancreas, -, pmp, living
DK, 2012, heart, -, pmp, living
DK, 2012, lung, -, pmp, living
DK, 2012, heart/lung, -, pmp, living
DK, 2013, kidney, 108, num, deceased
DK, 2013, liver, 42, num, deceased
DK, 2013, pancreas, 0, num, deceased
DK, 2013, heart, 17, num, deceased
DK, 2013, lung, 31, num, deceased
DK, 2013, heart/lung, -, num, deceased
DK, 2013, kidney, 18.91, pmp, deceased
DK, 2013, liver, 7.35, pmp, deceased
DK, 2013, pancreas, 0, pmp, deceased
DK, 2013, heart, 2.98, pmp, deceased
DK, 2013, lung, 5.43, pmp, deceased
DK, 2013, heart/lung, -, pmp, deceased
DK, 2013, kidney, 107, num, living
DK, 2013, liver, 0, num, living
DK, 2013, pancreas, -, num, living
DK, 2013, heart, -, num, living
DK, 2013, lung, -, num, living
DK, 2013, heart/lung, -, num, living
DK, 2013, kidney, 18.74, pmp, living
DK, 2013, liver, 0, pmp, living
DK, 2013, pancreas, -, pmp, living
DK, 2013, heart, -, pmp, living
DK, 2013, lung, -, pmp, living
DK, 2013, heart/lung, -, pmp, living
DK, 2014, kidney, 139, num, deceased
DK, 2014, liver, 47, num, deceased
DK, 2014, pancreas, 0, num, deceased
DK, 2014, heart, 32, num, deceased
DK, 2014, lung, 0, num, deceased
DK, 2014, heart/lung, -, num, deceased
DK, 2014, kidney, 24.22, pmp, deceased
DK, 2014, liver, 8.19, pmp, deceased
DK, 2014, pancreas, 0, pmp, deceased
DK, 2014, heart, 5.58, pmp, deceased
DK, 2014, lung, 0, pmp, deceased
DK, 2014, heart/lung, -, pmp, deceased
DK, 2014, kidney, 110, num, living
DK, 2014, liver, 0, num, living
DK, 2014, pancreas, -, num, living
DK, 2014, heart, -, num, living
DK, 2014, lung, -, num, living
DK, 2014, heart/lung, -, num, living
DK, 2014, kidney, 19.17, pmp, living
DK, 2014, liver, 0, pmp, living
DK, 2014, pancreas, -, pmp, living
DK, 2014, heart, -, pmp, living
DK, 2014, lung, -, pmp, living
DK, 2014, heart/lung, -, pmp, living
DK, 2015, kidney, 154, num, deceased
DK, 2015, liver, 58, num, deceased
DK, 2015, pancreas, 2, num, deceased
DK, 2015, heart, 27, num, deceased
DK, 2015, lung, 35, num, deceased
DK, 2015, heart/lung, -, num, deceased
DK, 2015, kidney, 26.67, pmp, deceased
DK, 2015, liver, 10.05, pmp, deceased
DK, 2015, pancreas, 0.35, pmp, deceased
DK, 2015, heart, 4.68, pmp, deceased
DK, 2015, lung, 6.06, pmp, deceased
DK, 2015, heart/lung, -, pmp, deceased
DK, 2015, kidney, 119, num, living
DK, 2015, liver, 0, num, living
DK, 2015, pancreas, -, num, living
DK, 2015, heart, -, num, living
DK, 2015, lung, -, num, living
DK, 2015, heart/lung, -, num, living
DK, 2015, kidney, 20.61, pmp, living
DK, 2015, liver, 0, pmp, living
DK, 2015, pancreas, -, pmp, living
DK, 2015, heart, -, pmp, living
DK, 2015, lung, -, pmp, living
DK, 2015, heart/lung, -, pmp, living
DK, 2016, kidney, 154, num, deceased
DK, 2016, liver, 59, num, deceased
DK, 2016, pancreas, 7, num, deceased
DK, 2016, heart, 29, num, deceased
DK, 2016, lung, 29, num, deceased
DK, 2016, heart/lung, -, num, deceased
DK, 2016, kidney, 26.32, pmp, deceased
DK, 2016, liver, 10.08, pmp, deceased
DK, 2016, pancreas, 1.20, pmp, deceased
DK, 2016, heart, 4.96, pmp, deceased
DK, 2016, lung, 4.96, pmp, deceased
DK, 2016, heart/lung, -, pmp, deceased
DK, 2016, kidney, 109, num, living
DK, 2016, liver, 0, num, living
DK, 2016, pancreas, -, num, living
DK, 2016, heart, -, num, living
DK, 2016, lung, -, num, living
DK, 2016, heart/lung, -, num, living
DK, 2016, kidney, 18.63, pmp, living
DK, 2016, liver, 0, pmp, living
DK, 2016, pancreas, -, pmp, living
DK, 2016, heart, -, pmp, living
DK, 2016, lung, -, pmp, living
DK, 2016, heart/lung, -, pmp, living
DK, 2017, kidney, 165, num, deceased
DK, 2017, liver, 57, num, deceased
DK, 2017, pancreas, 9, num, deceased
DK, 2017, heart, 25, num, deceased
DK, 2017, lung, 35, num, deceased
DK, 2017, heart/lung, -, num, deceased
DK, 2017, kidney, 27.97, pmp, deceased
DK, 2017, liver, 9.66, pmp, deceased
DK, 2017, pancreas, 1.53, pmp, deceased
DK, 2017, heart, 4.25, pmp, deceased
DK, 2017, lung, 5.95, pmp, deceased
DK, 2017, heart/lung, -, pmp, deceased
DK, 2017, kidney, 92, num, living
DK, 2017, liver, 0, num, living
DK, 2017, pancreas, -, num, living
DK, 2017, heart, -, num, living
DK, 2017, lung, -, num, living
DK, 2017, heart/lung, -, num, living
DK, 2017, kidney, 15.59, pmp, living
DK, 2017, liver, 0, pmp, living
DK, 2017, pancreas, -, pmp, living
DK, 2017, heart, -, pmp, living
DK, 2017, lung, -, pmp, living
DK, 2017, heart/lung, -, pmp, living
DK, 2018, kidney, 159, num, deceased
DK, 2018, liver, 43, num, deceased
DK, 2018, pancreas, 5, num, deceased
DK, 2018, heart, 26, num, deceased
DK, 2018, lung, 25, num, deceased
DK, 2018, heart/lung, -, num, deceased
DK, 2018, kidney, 26.89, pmp, deceased
DK, 2018, liver, 7.27, pmp, deceased
DK, 2018, pancreas, 0.85, pmp, deceased
DK, 2018, heart, 4.40, pmp, deceased
DK, 2018, lung, 4.23, pmp, deceased
DK, 2018, heart/lung, -, pmp, deceased
DK, 2018, kidney, 77, num, living
DK, 2018, liver, 0, num, living
DK, 2018, pancreas, -, num, living
DK, 2018, heart, -, num, living
DK, 2018, lung, -, num, living
DK, 2018, heart/lung, -, num, living
DK, 2018, kidney, 13.02, pmp, living
DK, 2018, liver, 0, pmp, living
DK, 2018, pancreas, -, pmp, living
DK, 2018, heart, -, pmp, living
DK, 2018, lung, -, pmp, living
DK, 2018, heart/lung, -, pmp, living
DO, 2018, kidney, 13, num, deceased
DO, 2018, liver, 3, num, deceased
DO, 2018, pancreas, 0, num, deceased
DO, 2018, heart, 0, num, deceased
DO, 2018, lung, 0, num, deceased
DO, 2018, heart/lung, -, num, deceased
DO, 2018, kidney, 1.20, pmp, deceased
DO, 2018, liver, 0.3, pmp, deceased
DO, 2018, pancreas, 0, pmp, deceased
DO, 2018, heart, 0, pmp, deceased
DO, 2018, lung, 0, pmp, deceased
DO, 2018, heart/lung, -, pmp, deceased
DO, 2018, kidney, 41, num, living
DO, 2018, liver, 0, num, living
DO, 2018, pancreas, -, num, living
DO, 2018, heart, -, num, living
DO, 2018, lung, -, num, living
DO, 2018, heart/lung, -, num, living
DO, 2018, kidney, 3.9, pmp, living
DO, 2018, liver, 0, pmp, living
DO, 2018, pancreas, -, pmp, living
DO, 2018, heart, -, pmp, living
DO, 2018, lung, -, pmp, living
DO, 2018, heart/lung, -, pmp, living
DO, 2018, kidney, 13, num, deceased
DO, 2018, liver, 3, num, deceased
DO, 2018, pancreas, 0, num, deceased
DO, 2018, heart, 0, num, deceased
DO, 2018, lung, 0, num, deceased
DO, 2018, heart/lung, -, num, deceased
DO, 2018, kidney, 1.20, pmp, deceased
DO, 2018, liver, 0.3, pmp, deceased
DO, 2018, pancreas, 0, pmp, deceased
DO, 2018, heart, 0, pmp, deceased
DO, 2018, lung, 0, pmp, deceased
DO, 2018, heart/lung, -, pmp, deceased
DO, 2018, kidney, 41, num, living
DO, 2018, liver, 0, num, living
DO, 2018, pancreas, -, num, living
DO, 2018, heart, -, num, living
DO, 2018, lung, -, num, living
DO, 2018, heart/lung, -, num, living
DO, 2018, kidney, 3.9, pmp, living
DO, 2018, liver, 0, pmp, living
DO, 2018, pancreas, -, pmp, living
DO, 2018, heart, -, pmp, living
DO, 2018, lung, -, pmp, living
DO, 2018, heart/lung, -, pmp, living
DO, 2018, kidney, 13, num, deceased
DO, 2018, liver, 3, num, deceased
DO, 2018, pancreas, 0, num, deceased
DO, 2018, heart, 0, num, deceased
DO, 2018, lung, 0, num, deceased
DO, 2018, heart/lung, -, num, deceased
DO, 2018, kidney, 1.20, pmp, deceased
DO, 2018, liver, 0.3, pmp, deceased
DO, 2018, pancreas, 0, pmp, deceased
DO, 2018, heart, 0, pmp, deceased
DO, 2018, lung, 0, pmp, deceased
DO, 2018, heart/lung, -, pmp, deceased
DO, 2018, kidney, 41, num, living
DO, 2018, liver, 0, num, living
DO, 2018, pancreas, -, num, living
DO, 2018, heart, -, num, living
DO, 2018, lung, -, num, living
DO, 2018, heart/lung, -, num, living
DO, 2018, kidney, 3.9, pmp, living
DO, 2018, liver, 0, pmp, living
DO, 2018, pancreas, -, pmp, living
DO, 2018, heart, -, pmp, living
DO, 2018, lung, -, pmp, living
DO, 2018, heart/lung, -, pmp, living
DO, 2018, kidney, 13, num, deceased
DO, 2018, liver, 3, num, deceased
DO, 2018, pancreas, 0, num, deceased
DO, 2018, heart, 0, num, deceased
DO, 2018, lung, 0, num, deceased
DO, 2018, heart/lung, -, num, deceased
DO, 2018, kidney, 1.20, pmp, deceased
DO, 2018, liver, 0.3, pmp, deceased
DO, 2018, pancreas, 0, pmp, deceased
DO, 2018, heart, 0, pmp, deceased
DO, 2018, lung, 0, pmp, deceased
DO, 2018, heart/lung, -, pmp, deceased
DO, 2018, kidney, 41, num, living
DO, 2018, liver, 0, num, living
DO, 2018, pancreas, -, num, living
DO, 2018, heart, -, num, living
DO, 2018, lung, -, num, living
DO, 2018, heart/lung, -, num, living
DO, 2018, kidney, 3.9, pmp, living
DO, 2018, liver, 0, pmp, living
DO, 2018, pancreas, -, pmp, living
DO, 2018, heart, -, pmp, living
DO, 2018, lung, -, pmp, living
DO, 2018, heart/lung, -, pmp, living
DO, 2018, kidney, 13, num, deceased
DO, 2018, liver, 3, num, deceased
DO, 2018, pancreas, 0, num, deceased
DO, 2018, heart, 0, num, deceased
DO, 2018, lung, 0, num, deceased
DO, 2018, heart/lung, -, num, deceased
DO, 2018, kidney, 1.20, pmp, deceased
DO, 2018, liver, 0.3, pmp, deceased
DO, 2018, pancreas, 0, pmp, deceased
DO, 2018, heart, 0, pmp, deceased
DO, 2018, lung, 0, pmp, deceased
DO, 2018, heart/lung, -, pmp, deceased
DO, 2018, kidney, 41, num, living
DO, 2018, liver, 0, num, living
DO, 2018, pancreas, -, num, living
DO, 2018, heart, -, num, living
DO, 2018, lung, -, num, living
DO, 2018, heart/lung, -, num, living
DO, 2018, kidney, 3.9, pmp, living
DO, 2018, liver, 0, pmp, living
DO, 2018, pancreas, -, pmp, living
DO, 2018, heart, -, pmp, living
DO, 2018, lung, -, pmp, living
DO, 2018, heart/lung, -, pmp, living
DO, 2018, kidney, 13, num, deceased
DO, 2018, liver, 3, num, deceased
DO, 2018, pancreas, 0, num, deceased
DO, 2018, heart, 0, num, deceased
DO, 2018, lung, 0, num, deceased
DO, 2018, heart/lung, -, num, deceased
DO, 2018, kidney, 1.20, pmp, deceased
DO, 2018, liver, 0.3, pmp, deceased
DO, 2018, pancreas, 0, pmp, deceased
DO, 2018, heart, 0, pmp, deceased
DO, 2018, lung, 0, pmp, deceased
DO, 2018, heart/lung, -, pmp, deceased
DO, 2018, kidney, 41, num, living
DO, 2018, liver, 0, num, living
DO, 2018, pancreas, -, num, living
DO, 2018, heart, -, num, living
DO, 2018, lung, -, num, living
DO, 2018, heart/lung, -, num, living
DO, 2018, kidney, 3.9, pmp, living
DO, 2018, liver, 0, pmp, living
DO, 2018, pancreas, -, pmp, living
DO, 2018, heart, -, pmp, living
DO, 2018, lung, -, pmp, living
DO, 2018, heart/lung, -, pmp, living
DO, 2018, kidney, 13, num, deceased
DO, 2018, liver, 3, num, deceased
DO, 2018, pancreas, 0, num, deceased
DO, 2018, heart, 0, num, deceased
DO, 2018, lung, 0, num, deceased
DO, 2018, heart/lung, -, num, deceased
DO, 2018, kidney, 1.20, pmp, deceased
DO, 2018, liver, 0.3, pmp, deceased
DO, 2018, pancreas, 0, pmp, deceased
DO, 2018, heart, 0, pmp, deceased
DO, 2018, lung, 0, pmp, deceased
DO, 2018, heart/lung, -, pmp, deceased
DO, 2018, kidney, 41, num, living
DO, 2018, liver, 0, num, living
DO, 2018, pancreas, -, num, living
DO, 2018, heart, -, num, living
DO, 2018, lung, -, num, living
DO, 2018, heart/lung, -, num, living
DO, 2018, kidney, 3.9, pmp, living
DO, 2018, liver, 0, pmp, living
DO, 2018, pancreas, -, pmp, living
DO, 2018, heart, -, pmp, living
DO, 2018, lung, -, pmp, living
DO, 2018, heart/lung, -, pmp, living
DO, 2000, kidney, 0, num, deceased
DO, 2000, liver, 0, num, deceased
DO, 2000, pancreas, 0, num, deceased
DO, 2000, heart, 0, num, deceased
DO, 2000, lung, 0, num, deceased
DO, 2000, heart/lung, -, num, deceased
DO, 2000, kidney, 0, pmp, deceased
DO, 2000, liver, 0, pmp, deceased
DO, 2000, pancreas, 0, pmp, deceased
DO, 2000, heart, 0, pmp, deceased
DO, 2000, lung, 0, pmp, deceased
DO, 2000, heart/lung, -, pmp, deceased
DO, 2000, kidney, 20, num, living
DO, 2000, liver, 0, num, living
DO, 2000, pancreas, -, num, living
DO, 2000, heart, -, num, living
DO, 2000, lung, -, num, living
DO, 2000, heart/lung, -, num, living
DO, 2000, kidney, 2.40, pmp, living
DO, 2000, liver, 0, pmp, living
DO, 2000, pancreas, -, pmp, living
DO, 2000, heart, -, pmp, living
DO, 2000, lung, -, pmp, living
DO, 2000, heart/lung, -, pmp, living
DO, 2018, kidney, 13, num, deceased
DO, 2018, liver, 3, num, deceased
DO, 2018, pancreas, 0, num, deceased
DO, 2018, heart, 0, num, deceased
DO, 2018, lung, 0, num, deceased
DO, 2018, heart/lung, -, num, deceased
DO, 2018, kidney, 1.20, pmp, deceased
DO, 2018, liver, 0.3, pmp, deceased
DO, 2018, pancreas, 0, pmp, deceased
DO, 2018, heart, 0, pmp, deceased
DO, 2018, lung, 0, pmp, deceased
DO, 2018, heart/lung, -, pmp, deceased
DO, 2018, kidney, 41, num, living
DO, 2018, liver, 0, num, living
DO, 2018, pancreas, -, num, living
DO, 2018, heart, -, num, living
DO, 2018, lung, -, num, living
DO, 2018, heart/lung, -, num, living
DO, 2018, kidney, 3.9, pmp, living
DO, 2018, liver, 0, pmp, living
DO, 2018, pancreas, -, pmp, living
DO, 2018, heart, -, pmp, living
DO, 2018, lung, -, pmp, living
DO, 2018, heart/lung, -, pmp, living
DO, 2018, kidney, 13, num, deceased
DO, 2018, liver, 3, num, deceased
DO, 2018, pancreas, 0, num, deceased
DO, 2018, heart, 0, num, deceased
DO, 2018, lung, 0, num, deceased
DO, 2018, heart/lung, -, num, deceased
DO, 2018, kidney, 1.20, pmp, deceased
DO, 2018, liver, 0.3, pmp, deceased
DO, 2018, pancreas, 0, pmp, deceased
DO, 2018, heart, 0, pmp, deceased
DO, 2018, lung, 0, pmp, deceased
DO, 2018, heart/lung, -, pmp, deceased
DO, 2018, kidney, 41, num, living
DO, 2018, liver, 0, num, living
DO, 2018, pancreas, -, num, living
DO, 2018, heart, -, num, living
DO, 2018, lung, -, num, living
DO, 2018, heart/lung, -, num, living
DO, 2018, kidney, 3.9, pmp, living
DO, 2018, liver, 0, pmp, living
DO, 2018, pancreas, -, pmp, living
DO, 2018, heart, -, pmp, living
DO, 2018, lung, -, pmp, living
DO, 2018, heart/lung, -, pmp, living
DO, 2003, kidney, 0, num, deceased
DO, 2003, liver, 0, num, deceased
DO, 2003, pancreas, 0, num, deceased
DO, 2003, heart, 0, num, deceased
DO, 2003, lung, 0, num, deceased
DO, 2003, heart/lung, -, num, deceased
DO, 2003, kidney, 0, pmp, deceased
DO, 2003, liver, 0, pmp, deceased
DO, 2003, pancreas, 0, pmp, deceased
DO, 2003, heart, 0, pmp, deceased
DO, 2003, lung, 0, pmp, deceased
DO, 2003, heart/lung, -, pmp, deceased
DO, 2003, kidney, 0, num, living
DO, 2003, liver, 0, num, living
DO, 2003, pancreas, -, num, living
DO, 2003, heart, -, num, living
DO, 2003, lung, -, num, living
DO, 2003, heart/lung, -, num, living
DO, 2003, kidney, 0, pmp, living
DO, 2003, liver, 0, pmp, living
DO, 2003, pancreas, -, pmp, living
DO, 2003, heart, -, pmp, living
DO, 2003, lung, -, pmp, living
DO, 2003, heart/lung, -, pmp, living
DO, 2004, kidney, 0, num, deceased
DO, 2004, liver, 0, num, deceased
DO, 2004, pancreas, 0, num, deceased
DO, 2004, heart, 0, num, deceased
DO, 2004, lung, 0, num, deceased
DO, 2004, heart/lung, -, num, deceased
DO, 2004, kidney, 0, pmp, deceased
DO, 2004, liver, 0, pmp, deceased
DO, 2004, pancreas, 0, pmp, deceased
DO, 2004, heart, 0, pmp, deceased
DO, 2004, lung, 0, pmp, deceased
DO, 2004, heart/lung, -, pmp, deceased
DO, 2004, kidney, 0, num, living
DO, 2004, liver, 0, num, living
DO, 2004, pancreas, -, num, living
DO, 2004, heart, -, num, living
DO, 2004, lung, -, num, living
DO, 2004, heart/lung, -, num, living
DO, 2004, kidney, 0, pmp, living
DO, 2004, liver, 0, pmp, living
DO, 2004, pancreas, -, pmp, living
DO, 2004, heart, -, pmp, living
DO, 2004, lung, -, pmp, living
DO, 2004, heart/lung, -, pmp, living
DO, 2005, kidney, 0, num, deceased
DO, 2005, liver, 0, num, deceased
DO, 2005, pancreas, 0, num, deceased
DO, 2005, heart, 0, num, deceased
DO, 2005, lung, 0, num, deceased
DO, 2005, heart/lung, -, num, deceased
DO, 2005, kidney, 0, pmp, deceased
DO, 2005, liver, 0, pmp, deceased
DO, 2005, pancreas, 0, pmp, deceased
DO, 2005, heart, 0, pmp, deceased
DO, 2005, lung, 0, pmp, deceased
DO, 2005, heart/lung, -, pmp, deceased
DO, 2005, kidney, 51, num, living
DO, 2005, liver, 1, num, living
DO, 2005, pancreas, -, num, living
DO, 2005, heart, -, num, living
DO, 2005, lung, -, num, living
DO, 2005, heart/lung, -, num, living
DO, 2005, kidney, 6.20, pmp, living
DO, 2005, liver, 0.1, pmp, living
DO, 2005, pancreas, -, pmp, living
DO, 2005, heart, -, pmp, living
DO, 2005, lung, -, pmp, living
DO, 2005, heart/lung, -, pmp, living
DO, 2006, kidney, 0, num, deceased
DO, 2006, liver, 0, num, deceased
DO, 2006, pancreas, 0, num, deceased
DO, 2006, heart, 0, num, deceased
DO, 2006, lung, 0, num, deceased
DO, 2006, heart/lung, -, num, deceased
DO, 2006, kidney, 0, pmp, deceased
DO, 2006, liver, 0, pmp, deceased
DO, 2006, pancreas, 0, pmp, deceased
DO, 2006, heart, 0, pmp, deceased
DO, 2006, lung, 0, pmp, deceased
DO, 2006, heart/lung, -, pmp, deceased
DO, 2006, kidney, 19, num, living
DO, 2006, liver, 0, num, living
DO, 2006, pancreas, -, num, living
DO, 2006, heart, -, num, living
DO, 2006, lung, -, num, living
DO, 2006, heart/lung, -, num, living
DO, 2006, kidney, 2.20, pmp, living
DO, 2006, liver, 0, pmp, living
DO, 2006, pancreas, -, pmp, living
DO, 2006, heart, -, pmp, living
DO, 2006, lung, -, pmp, living
DO, 2006, heart/lung, -, pmp, living
DO, 2007, kidney, 0, num, deceased
DO, 2007, liver, 0, num, deceased
DO, 2007, pancreas, 0, num, deceased
DO, 2007, heart, 0, num, deceased
DO, 2007, lung, 0, num, deceased
DO, 2007, heart/lung, -, num, deceased
DO, 2007, kidney, 0, pmp, deceased
DO, 2007, liver, 0, pmp, deceased
DO, 2007, pancreas, 0, pmp, deceased
DO, 2007, heart, 0, pmp, deceased
DO, 2007, lung, 0, pmp, deceased
DO, 2007, heart/lung, -, pmp, deceased
DO, 2007, kidney, 54, num, living
DO, 2007, liver, 0, num, living
DO, 2007, pancreas, -, num, living
DO, 2007, heart, -, num, living
DO, 2007, lung, -, num, living
DO, 2007, heart/lung, -, num, living
DO, 2007, kidney, 6.30, pmp, living
DO, 2007, liver, 0, pmp, living
DO, 2007, pancreas, -, pmp, living
DO, 2007, heart, -, pmp, living
DO, 2007, lung, -, pmp, living
DO, 2007, heart/lung, -, pmp, living
DO, 2008, kidney, 0, num, deceased
DO, 2008, liver, 0, num, deceased
DO, 2008, pancreas, 0, num, deceased
DO, 2008, heart, 0, num, deceased
DO, 2008, lung, 0, num, deceased
DO, 2008, heart/lung, -, num, deceased
DO, 2008, kidney, 0, pmp, deceased
DO, 2008, liver, 0, pmp, deceased
DO, 2008, pancreas, 0, pmp, deceased
DO, 2008, heart, 0, pmp, deceased
DO, 2008, lung, 0, pmp, deceased
DO, 2008, heart/lung, -, pmp, deceased
DO, 2008, kidney, 0, num, living
DO, 2008, liver, 0, num, living
DO, 2008, pancreas, -, num, living
DO, 2008, heart, -, num, living
DO, 2008, lung, -, num, living
DO, 2008, heart/lung, -, num, living
DO, 2008, kidney, 0, pmp, living
DO, 2008, liver, 0, pmp, living
DO, 2008, pancreas, -, pmp, living
DO, 2008, heart, -, pmp, living
DO, 2008, lung, -, pmp, living
DO, 2008, heart/lung, -, pmp, living
DO, 2009, kidney, 0, num, deceased
DO, 2009, liver, 0, num, deceased
DO, 2009, pancreas, 0, num, deceased
DO, 2009, heart, 0, num, deceased
DO, 2009, lung, 0, num, deceased
DO, 2009, heart/lung, -, num, deceased
DO, 2009, kidney, 0, pmp, deceased
DO, 2009, liver, 0, pmp, deceased
DO, 2009, pancreas, 0, pmp, deceased
DO, 2009, heart, 0, pmp, deceased
DO, 2009, lung, 0, pmp, deceased
DO, 2009, heart/lung, -, pmp, deceased
DO, 2009, kidney, 0, num, living
DO, 2009, liver, 0, num, living
DO, 2009, pancreas, -, num, living
DO, 2009, heart, -, num, living
DO, 2009, lung, -, num, living
DO, 2009, heart/lung, -, num, living
DO, 2009, kidney, 0, pmp, living
DO, 2009, liver, 0, pmp, living
DO, 2009, pancreas, -, pmp, living
DO, 2009, heart, -, pmp, living
DO, 2009, lung, -, pmp, living
DO, 2009, heart/lung, -, pmp, living
DO, 2010, kidney, 7, num, deceased
DO, 2010, liver, 1, num, deceased
DO, 2010, pancreas, 0, num, deceased
DO, 2010, heart, 0, num, deceased
DO, 2010, lung, 0, num, deceased
DO, 2010, heart/lung, -, num, deceased
DO, 2010, kidney, 0.7, pmp, deceased
DO, 2010, liver, 0.1, pmp, deceased
DO, 2010, pancreas, 0, pmp, deceased
DO, 2010, heart, 0, pmp, deceased
DO, 2010, lung, 0, pmp, deceased
DO, 2010, heart/lung, -, pmp, deceased
DO, 2010, kidney, 95, num, living
DO, 2010, liver, 0, num, living
DO, 2010, pancreas, -, num, living
DO, 2010, heart, -, num, living
DO, 2010, lung, -, num, living
DO, 2010, heart/lung, -, num, living
DO, 2010, kidney, 10, pmp, living
DO, 2010, liver, 0, pmp, living
DO, 2010, pancreas, -, pmp, living
DO, 2010, heart, -, pmp, living
DO, 2010, lung, -, pmp, living
DO, 2010, heart/lung, -, pmp, living
DO, 2011, kidney, 22, num, deceased
DO, 2011, liver, 9, num, deceased
DO, 2011, pancreas, 0, num, deceased
DO, 2011, heart, 0, num, deceased
DO, 2011, lung, 0, num, deceased
DO, 2011, heart/lung, -, num, deceased
DO, 2011, kidney, 2.40, pmp, deceased
DO, 2011, liver, 0.97, pmp, deceased
DO, 2011, pancreas, 0, pmp, deceased
DO, 2011, heart, 0, pmp, deceased
DO, 2011, lung, 0, pmp, deceased
DO, 2011, heart/lung, -, pmp, deceased
DO, 2011, kidney, 0, num, living
DO, 2011, liver, 0, num, living
DO, 2011, pancreas, -, num, living
DO, 2011, heart, -, num, living
DO, 2011, lung, -, num, living
DO, 2011, heart/lung, -, num, living
DO, 2011, kidney, 0, pmp, living
DO, 2011, liver, 0, pmp, living
DO, 2011, pancreas, -, pmp, living
DO, 2011, heart, -, pmp, living
DO, 2011, lung, -, pmp, living
DO, 2011, heart/lung, -, pmp, living
DO, 2012, kidney, 21, num, deceased
DO, 2012, liver, 6, num, deceased
DO, 2012, pancreas, 0, num, deceased
DO, 2012, heart, 2, num, deceased
DO, 2012, lung, 0, num, deceased
DO, 2012, heart/lung, -, num, deceased
DO, 2012, kidney, 2.30, pmp, deceased
DO, 2012, liver, 0.6, pmp, deceased
DO, 2012, pancreas, 0, pmp, deceased
DO, 2012, heart, 0.2, pmp, deceased
DO, 2012, lung, 0, pmp, deceased
DO, 2012, heart/lung, -, pmp, deceased
DO, 2012, kidney, 25, num, living
DO, 2012, liver, 0, num, living
DO, 2012, pancreas, -, num, living
DO, 2012, heart, -, num, living
DO, 2012, lung, -, num, living
DO, 2012, heart/lung, -, num, living
DO, 2012, kidney, 2.70, pmp, living
DO, 2012, liver, 0, pmp, living
DO, 2012, pancreas, -, pmp, living
DO, 2012, heart, -, pmp, living
DO, 2012, lung, -, pmp, living
DO, 2012, heart/lung, -, pmp, living
DO, 2013, kidney, 23, num, deceased
DO, 2013, liver, 4, num, deceased
DO, 2013, pancreas, 0, num, deceased
DO, 2013, heart, 1, num, deceased
DO, 2013, lung, 0, num, deceased
DO, 2013, heart/lung, -, num, deceased
DO, 2013, kidney, 2.5, pmp, deceased
DO, 2013, liver, 0.43, pmp, deceased
DO, 2013, pancreas, 0, pmp, deceased
DO, 2013, heart, 0.1, pmp, deceased
DO, 2013, lung, 0, pmp, deceased
DO, 2013, heart/lung, -, pmp, deceased
DO, 2013, kidney, 26, num, living
DO, 2013, liver, 0, num, living
DO, 2013, pancreas, -, num, living
DO, 2013, heart, -, num, living
DO, 2013, lung, -, num, living
DO, 2013, heart/lung, -, num, living
DO, 2013, kidney, 2.80, pmp, living
DO, 2013, liver, 0, pmp, living
DO, 2013, pancreas, -, pmp, living
DO, 2013, heart, -, pmp, living
DO, 2013, lung, -, pmp, living
DO, 2013, heart/lung, -, pmp, living
DO, 2014, kidney, 40, num, deceased
DO, 2014, liver, 6, num, deceased
DO, 2014, pancreas, 0, num, deceased
DO, 2014, heart, 0, num, deceased
DO, 2014, lung, 0, num, deceased
DO, 2014, heart/lung, -, num, deceased
DO, 2014, kidney, 4.08, pmp, deceased
DO, 2014, liver, 0.61, pmp, deceased
DO, 2014, pancreas, 0, pmp, deceased
DO, 2014, heart, 0, pmp, deceased
DO, 2014, lung, 0, pmp, deceased
DO, 2014, heart/lung, -, pmp, deceased
DO, 2014, kidney, 38, num, living
DO, 2014, liver, 0, num, living
DO, 2014, pancreas, -, num, living
DO, 2014, heart, -, num, living
DO, 2014, lung, -, num, living
DO, 2014, heart/lung, -, num, living
DO, 2014, kidney, 3.87, pmp, living
DO, 2014, liver, 0, pmp, living
DO, 2014, pancreas, -, pmp, living
DO, 2014, heart, -, pmp, living
DO, 2014, lung, -, pmp, living
DO, 2014, heart/lung, -, pmp, living
DO, 2015, kidney, 37, num, deceased
DO, 2015, liver, 4, num, deceased
DO, 2015, pancreas, 0, num, deceased
DO, 2015, heart, 0, num, deceased
DO, 2015, lung, 0, num, deceased
DO, 2015, heart/lung, -, num, deceased
DO, 2015, kidney, 3.5, pmp, deceased
DO, 2015, liver, 0.4, pmp, deceased
DO, 2015, pancreas, 0, pmp, deceased
DO, 2015, heart, 0, pmp, deceased
DO, 2015, lung, 0, pmp, deceased
DO, 2015, heart/lung, -, pmp, deceased
DO, 2015, kidney, 26, num, living
DO, 2015, liver, 0, num, living
DO, 2015, pancreas, -, num, living
DO, 2015, heart, -, num, living
DO, 2015, lung, -, num, living
DO, 2015, heart/lung, -, num, living
DO, 2015, kidney, 2.5, pmp, living
DO, 2015, liver, 0, pmp, living
DO, 2015, pancreas, -, pmp, living
DO, 2015, heart, -, pmp, living
DO, 2015, lung, -, pmp, living
DO, 2015, heart/lung, -, pmp, living
DO, 2016, kidney, 29, num, deceased
DO, 2016, liver, 3, num, deceased
DO, 2016, pancreas, 0, num, deceased
DO, 2016, heart, 0, num, deceased
DO, 2016, lung, 0, num, deceased
DO, 2016, heart/lung, -, num, deceased
DO, 2016, kidney, 2.9, pmp, deceased
DO, 2016, liver, 0.3, pmp, deceased
DO, 2016, pancreas, 0, pmp, deceased
DO, 2016, heart, 0, pmp, deceased
DO, 2016, lung, 0, pmp, deceased
DO, 2016, heart/lung, -, pmp, deceased
DO, 2016, kidney, 29, num, living
DO, 2016, liver, 0, num, living
DO, 2016, pancreas, -, num, living
DO, 2016, heart, -, num, living
DO, 2016, lung, -, num, living
DO, 2016, heart/lung, -, num, living
DO, 2016, kidney, 2.9, pmp, living
DO, 2016, liver, 0, pmp, living
DO, 2016, pancreas, -, pmp, living
DO, 2016, heart, -, pmp, living
DO, 2016, lung, -, pmp, living
DO, 2016, heart/lung, -, pmp, living
DO, 2017, kidney, 22, num, deceased
DO, 2017, liver, 2, num, deceased
DO, 2017, pancreas, 1, num, deceased
DO, 2017, heart, 0, num, deceased
DO, 2017, lung, 0, num, deceased
DO, 2017, heart/lung, -, num, deceased
DO, 2017, kidney, 2.20, pmp, deceased
DO, 2017, liver, 0.2, pmp, deceased
DO, 2017, pancreas, 0.1, pmp, deceased
DO, 2017, heart, 0, pmp, deceased
DO, 2017, lung, 0, pmp, deceased
DO, 2017, heart/lung, -, pmp, deceased
DO, 2017, kidney, 31, num, living
DO, 2017, liver, 0, num, living
DO, 2017, pancreas, -, num, living
DO, 2017, heart, -, num, living
DO, 2017, lung, -, num, living
DO, 2017, heart/lung, -, num, living
DO, 2017, kidney, 3.10, pmp, living
DO, 2017, liver, 0, pmp, living
DO, 2017, pancreas, -, pmp, living
DO, 2017, heart, -, pmp, living
DO, 2017, lung, -, pmp, living
DO, 2017, heart/lung, -, pmp, living
DO, 2018, kidney, 13, num, deceased
DO, 2018, liver, 3, num, deceased
DO, 2018, pancreas, 0, num, deceased
DO, 2018, heart, 0, num, deceased
DO, 2018, lung, 0, num, deceased
DO, 2018, heart/lung, -, num, deceased
DO, 2018, kidney, 1.20, pmp, deceased
DO, 2018, liver, 0.3, pmp, deceased
DO, 2018, pancreas, 0, pmp, deceased
DO, 2018, heart, 0, pmp, deceased
DO, 2018, lung, 0, pmp, deceased
DO, 2018, heart/lung, -, pmp, deceased
DO, 2018, kidney, 41, num, living
DO, 2018, liver, 0, num, living
DO, 2018, pancreas, -, num, living
DO, 2018, heart, -, num, living
DO, 2018, lung, -, num, living
DO, 2018, heart/lung, -, num, living
DO, 2018, kidney, 3.9, pmp, living
DO, 2018, liver, 0, pmp, living
DO, 2018, pancreas, -, pmp, living
DO, 2018, heart, -, pmp, living
DO, 2018, lung, -, pmp, living
DO, 2018, heart/lung, -, pmp, living
DE, 1993, kidney, 0, num, deceased
DE, 1993, liver, 0, num, deceased
DE, 1993, pancreas, 0, num, deceased
DE, 1993, heart, 0, num, deceased
DE, 1993, lung, 0, num, deceased
DE, 1993, heart/lung, -, num, deceased
DE, 1993, kidney, 0, pmp, deceased
DE, 1993, liver, 0, pmp, deceased
DE, 1993, pancreas, 0, pmp, deceased
DE, 1993, heart, 0, pmp, deceased
DE, 1993, lung, 0, pmp, deceased
DE, 1993, heart/lung, -, pmp, deceased
DE, 1993, kidney, 57, num, living
DE, 1993, liver, 12, num, living
DE, 1993, pancreas, -, num, living
DE, 1993, heart, -, num, living
DE, 1993, lung, -, num, living
DE, 1993, heart/lung, -, num, living
DE, 1993, kidney, 0.7, pmp, living
DE, 1993, liver, 0.1, pmp, living
DE, 1993, pancreas, -, pmp, living
DE, 1993, heart, -, pmp, living
DE, 1993, lung, -, pmp, living
DE, 1993, heart/lung, -, pmp, living
DE, 1994, kidney, 0, num, deceased
DE, 1994, liver, 0, num, deceased
DE, 1994, pancreas, 0, num, deceased
DE, 1994, heart, 0, num, deceased
DE, 1994, lung, 0, num, deceased
DE, 1994, heart/lung, -, num, deceased
DE, 1994, kidney, 0, pmp, deceased
DE, 1994, liver, 0, pmp, deceased
DE, 1994, pancreas, 0, pmp, deceased
DE, 1994, heart, 0, pmp, deceased
DE, 1994, lung, 0, pmp, deceased
DE, 1994, heart/lung, -, pmp, deceased
DE, 1994, kidney, 78, num, living
DE, 1994, liver, 11, num, living
DE, 1994, pancreas, -, num, living
DE, 1994, heart, -, num, living
DE, 1994, lung, -, num, living
DE, 1994, heart/lung, -, num, living
DE, 1994, kidney, 0.9, pmp, living
DE, 1994, liver, 0.1, pmp, living
DE, 1994, pancreas, -, pmp, living
DE, 1994, heart, -, pmp, living
DE, 1994, lung, -, pmp, living
DE, 1994, heart/lung, -, pmp, living
DE, 1995, kidney, 0, num, deceased
DE, 1995, liver, 0, num, deceased
DE, 1995, pancreas, 0, num, deceased
DE, 1995, heart, 0, num, deceased
DE, 1995, lung, 0, num, deceased
DE, 1995, heart/lung, -, num, deceased
DE, 1995, kidney, 0, pmp, deceased
DE, 1995, liver, 0, pmp, deceased
DE, 1995, pancreas, 0, pmp, deceased
DE, 1995, heart, 0, pmp, deceased
DE, 1995, lung, 0, pmp, deceased
DE, 1995, heart/lung, -, pmp, deceased
DE, 1995, kidney, 83, num, living
DE, 1995, liver, 9, num, living
DE, 1995, pancreas, -, num, living
DE, 1995, heart, -, num, living
DE, 1995, lung, -, num, living
DE, 1995, heart/lung, -, num, living
DE, 1995, kidney, 1, pmp, living
DE, 1995, liver, 0.1, pmp, living
DE, 1995, pancreas, -, pmp, living
DE, 1995, heart, -, pmp, living
DE, 1995, lung, -, pmp, living
DE, 1995, heart/lung, -, pmp, living
DE, 1996, kidney, 0, num, deceased
DE, 1996, liver, 0, num, deceased
DE, 1996, pancreas, 0, num, deceased
DE, 1996, heart, 0, num, deceased
DE, 1996, lung, 0, num, deceased
DE, 1996, heart/lung, -, num, deceased
DE, 1996, kidney, 0, pmp, deceased
DE, 1996, liver, 0, pmp, deceased
DE, 1996, pancreas, 0, pmp, deceased
DE, 1996, heart, 0, pmp, deceased
DE, 1996, lung, 0, pmp, deceased
DE, 1996, heart/lung, -, pmp, deceased
DE, 1996, kidney, 129, num, living
DE, 1996, liver, 10, num, living
DE, 1996, pancreas, -, num, living
DE, 1996, heart, -, num, living
DE, 1996, lung, -, num, living
DE, 1996, heart/lung, -, num, living
DE, 1996, kidney, 1.5, pmp, living
DE, 1996, liver, 0.1, pmp, living
DE, 1996, pancreas, -, pmp, living
DE, 1996, heart, -, pmp, living
DE, 1996, lung, -, pmp, living
DE, 1996, heart/lung, -, pmp, living
DE, 1997, kidney, 0, num, deceased
DE, 1997, liver, 0, num, deceased
DE, 1997, pancreas, 0, num, deceased
DE, 1997, heart, 0, num, deceased
DE, 1997, lung, 0, num, deceased
DE, 1997, heart/lung, -, num, deceased
DE, 1997, kidney, 0, pmp, deceased
DE, 1997, liver, 0, pmp, deceased
DE, 1997, pancreas, 0, pmp, deceased
DE, 1997, heart, 0, pmp, deceased
DE, 1997, lung, 0, pmp, deceased
DE, 1997, heart/lung, -, pmp, deceased
DE, 1997, kidney, 279, num, living
DE, 1997, liver, 24, num, living
DE, 1997, pancreas, -, num, living
DE, 1997, heart, -, num, living
DE, 1997, lung, -, num, living
DE, 1997, heart/lung, -, num, living
DE, 1997, kidney, 3.30, pmp, living
DE, 1997, liver, 0.2, pmp, living
DE, 1997, pancreas, -, pmp, living
DE, 1997, heart, -, pmp, living
DE, 1997, lung, -, pmp, living
DE, 1997, heart/lung, -, pmp, living
DE, 1998, kidney, 0, num, deceased
DE, 1998, liver, 0, num, deceased
DE, 1998, pancreas, 0, num, deceased
DE, 1998, heart, 0, num, deceased
DE, 1998, lung, 0, num, deceased
DE, 1998, heart/lung, -, num, deceased
DE, 1998, kidney, 0, pmp, deceased
DE, 1998, liver, 0, pmp, deceased
DE, 1998, pancreas, 0, pmp, deceased
DE, 1998, heart, 0, pmp, deceased
DE, 1998, lung, 0, pmp, deceased
DE, 1998, heart/lung, -, pmp, deceased
DE, 1998, kidney, 343, num, living
DE, 1998, liver, 25, num, living
DE, 1998, pancreas, -, num, living
DE, 1998, heart, -, num, living
DE, 1998, lung, -, num, living
DE, 1998, heart/lung, -, num, living
DE, 1998, kidney, 4.10, pmp, living
DE, 1998, liver, 0.3, pmp, living
DE, 1998, pancreas, -, pmp, living
DE, 1998, heart, -, pmp, living
DE, 1998, lung, -, pmp, living
DE, 1998, heart/lung, -, pmp, living
DE, 1999, kidney, 0, num, deceased
DE, 1999, liver, 0, num, deceased
DE, 1999, pancreas, 0, num, deceased
DE, 1999, heart, 0, num, deceased
DE, 1999, lung, 0, num, deceased
DE, 1999, heart/lung, -, num, deceased
DE, 1999, kidney, 0, pmp, deceased
DE, 1999, liver, 0, pmp, deceased
DE, 1999, pancreas, 0, pmp, deceased
DE, 1999, heart, 0, pmp, deceased
DE, 1999, lung, 0, pmp, deceased
DE, 1999, heart/lung, -, pmp, deceased
DE, 1999, kidney, 380, num, living
DE, 1999, liver, 41, num, living
DE, 1999, pancreas, -, num, living
DE, 1999, heart, -, num, living
DE, 1999, lung, -, num, living
DE, 1999, heart/lung, -, num, living
DE, 1999, kidney, 4.60, pmp, living
DE, 1999, liver, 0.4, pmp, living
DE, 1999, pancreas, -, pmp, living
DE, 1999, heart, -, pmp, living
DE, 1999, lung, -, pmp, living
DE, 1999, heart/lung, -, pmp, living
DE, 2000, kidney, 1644, num, deceased
DE, 2000, liver, 690, num, deceased
DE, 2000, pancreas, 0, num, deceased
DE, 2000, heart, 407, num, deceased
DE, 2000, lung, 49, num, deceased
DE, 2000, heart/lung, -, num, deceased
DE, 2000, kidney, 20, pmp, deceased
DE, 2000, liver, 8.30, pmp, deceased
DE, 2000, pancreas, 0, pmp, deceased
DE, 2000, heart, 4.90, pmp, deceased
DE, 2000, lung, 0.5, pmp, deceased
DE, 2000, heart/lung, -, pmp, deceased
DE, 2000, kidney, 346, num, living
DE, 2000, liver, 90, num, living
DE, 2000, pancreas, -, num, living
DE, 2000, heart, -, num, living
DE, 2000, lung, -, num, living
DE, 2000, heart/lung, -, num, living
DE, 2000, kidney, 4.20, pmp, living
DE, 2000, liver, 1, pmp, living
DE, 2000, pancreas, -, pmp, living
DE, 2000, heart, -, pmp, living
DE, 2000, lung, -, pmp, living
DE, 2000, heart/lung, -, pmp, living
DE, 2001, kidney, 1764, num, deceased
DE, 2001, liver, 662, num, deceased
DE, 2001, pancreas, 0, num, deceased
DE, 2001, heart, 397, num, deceased
DE, 2001, lung, 30, num, deceased
DE, 2001, heart/lung, -, num, deceased
DE, 2001, kidney, 21.40, pmp, deceased
DE, 2001, liver, 8, pmp, deceased
DE, 2001, pancreas, 0, pmp, deceased
DE, 2001, heart, 4.80, pmp, deceased
DE, 2001, lung, 0.3, pmp, deceased
DE, 2001, heart/lung, -, pmp, deceased
DE, 2001, kidney, 388, num, living
DE, 2001, liver, 95, num, living
DE, 2001, pancreas, -, num, living
DE, 2001, heart, -, num, living
DE, 2001, lung, -, num, living
DE, 2001, heart/lung, -, num, living
DE, 2001, kidney, 4.70, pmp, living
DE, 2001, liver, 1.10, pmp, living
DE, 2001, pancreas, -, pmp, living
DE, 2001, heart, -, pmp, living
DE, 2001, lung, -, pmp, living
DE, 2001, heart/lung, -, pmp, living
DE, 2002, kidney, 1744, num, deceased
DE, 2002, liver, 671, num, deceased
DE, 2002, pancreas, 25, num, deceased
DE, 2002, heart, 380, num, deceased
DE, 2002, lung, 0, num, deceased
DE, 2002, heart/lung, -, num, deceased
DE, 2002, kidney, 21.10, pmp, deceased
DE, 2002, liver, 8.10, pmp, deceased
DE, 2002, pancreas, 0.3, pmp, deceased
DE, 2002, heart, 4.60, pmp, deceased
DE, 2002, lung, 0, pmp, deceased
DE, 2002, heart/lung, -, pmp, deceased
DE, 2002, kidney, 443, num, living
DE, 2002, liver, 85, num, living
DE, 2002, pancreas, -, num, living
DE, 2002, heart, -, num, living
DE, 2002, lung, -, num, living
DE, 2002, heart/lung, -, num, living
DE, 2002, kidney, 5.30, pmp, living
DE, 2002, liver, 1, pmp, living
DE, 2002, pancreas, -, pmp, living
DE, 2002, heart, -, pmp, living
DE, 2002, lung, -, pmp, living
DE, 2002, heart/lung, -, pmp, living
DE, 2003, kidney, 1941, num, deceased
DE, 2003, liver, 781, num, deceased
DE, 2003, pancreas, 21, num, deceased
DE, 2003, heart, 373, num, deceased
DE, 2003, lung, 0, num, deceased
DE, 2003, heart/lung, -, num, deceased
DE, 2003, kidney, 23.5, pmp, deceased
DE, 2003, liver, 9.40, pmp, deceased
DE, 2003, pancreas, 0.2, pmp, deceased
DE, 2003, heart, 4.5, pmp, deceased
DE, 2003, lung, 0, pmp, deceased
DE, 2003, heart/lung, -, pmp, deceased
DE, 2003, kidney, 405, num, living
DE, 2003, liver, 74, num, living
DE, 2003, pancreas, -, num, living
DE, 2003, heart, -, num, living
DE, 2003, lung, -, num, living
DE, 2003, heart/lung, -, num, living
DE, 2003, kidney, 4.90, pmp, living
DE, 2003, liver, 0.8, pmp, living
DE, 2003, pancreas, -, pmp, living
DE, 2003, heart, -, pmp, living
DE, 2003, lung, -, pmp, living
DE, 2003, heart/lung, -, pmp, living
DE, 2004, kidney, 1825, num, deceased
DE, 2004, liver, 810, num, deceased
DE, 2004, pancreas, 23, num, deceased
DE, 2004, heart, 384, num, deceased
DE, 2004, lung, 0, num, deceased
DE, 2004, heart/lung, -, num, deceased
DE, 2004, kidney, 22.10, pmp, deceased
DE, 2004, liver, 9.80, pmp, deceased
DE, 2004, pancreas, 0.3, pmp, deceased
DE, 2004, heart, 4.70, pmp, deceased
DE, 2004, lung, 0, pmp, deceased
DE, 2004, heart/lung, -, pmp, deceased
DE, 2004, kidney, 489, num, living
DE, 2004, liver, 64, num, living
DE, 2004, pancreas, -, num, living
DE, 2004, heart, -, num, living
DE, 2004, lung, -, num, living
DE, 2004, heart/lung, -, num, living
DE, 2004, kidney, 5.90, pmp, living
DE, 2004, liver, 0.8, pmp, living
DE, 2004, pancreas, -, pmp, living
DE, 2004, heart, -, pmp, living
DE, 2004, lung, -, pmp, living
DE, 2004, heart/lung, -, pmp, living
DE, 2005, kidney, 2046, num, deceased
DE, 2005, liver, 888, num, deceased
DE, 2005, pancreas, 21, num, deceased
DE, 2005, heart, 381, num, deceased
DE, 2005, lung, 0, num, deceased
DE, 2005, heart/lung, -, num, deceased
DE, 2005, kidney, 24.80, pmp, deceased
DE, 2005, liver, 10.80, pmp, deceased
DE, 2005, pancreas, 0.3, pmp, deceased
DE, 2005, heart, 4.60, pmp, deceased
DE, 2005, lung, 0, pmp, deceased
DE, 2005, heart/lung, -, pmp, deceased
DE, 2005, kidney, 522, num, living
DE, 2005, liver, 78, num, living
DE, 2005, pancreas, -, num, living
DE, 2005, heart, -, num, living
DE, 2005, lung, -, num, living
DE, 2005, heart/lung, -, num, living
DE, 2005, kidney, 6.30, pmp, living
DE, 2005, liver, 0.9, pmp, living
DE, 2005, pancreas, -, pmp, living
DE, 2005, heart, -, pmp, living
DE, 2005, lung, -, pmp, living
DE, 2005, heart/lung, -, pmp, living
DE, 2006, kidney, 2126, num, deceased
DE, 2006, liver, 971, num, deceased
DE, 2006, pancreas, 13, num, deceased
DE, 2006, heart, 388, num, deceased
DE, 2006, lung, 0, num, deceased
DE, 2006, heart/lung, -, num, deceased
DE, 2006, kidney, 25.80, pmp, deceased
DE, 2006, liver, 11.80, pmp, deceased
DE, 2006, pancreas, 0.2, pmp, deceased
DE, 2006, heart, 4.70, pmp, deceased
DE, 2006, lung, 0, pmp, deceased
DE, 2006, heart/lung, -, pmp, deceased
DE, 2006, kidney, 522, num, living
DE, 2006, liver, 83, num, living
DE, 2006, pancreas, -, num, living
DE, 2006, heart, -, num, living
DE, 2006, lung, -, num, living
DE, 2006, heart/lung, -, num, living
DE, 2006, kidney, 6.30, pmp, living
DE, 2006, liver, 1, pmp, living
DE, 2006, pancreas, -, pmp, living
DE, 2006, heart, -, pmp, living
DE, 2006, lung, -, pmp, living
DE, 2006, heart/lung, -, pmp, living
DE, 2007, kidney, 2223, num, deceased
DE, 2007, liver, 1088, num, deceased
DE, 2007, pancreas, 22, num, deceased
DE, 2007, heart, 376, num, deceased
DE, 2007, lung, 0, num, deceased
DE, 2007, heart/lung, -, num, deceased
DE, 2007, kidney, 27, pmp, deceased
DE, 2007, liver, 13.20, pmp, deceased
DE, 2007, pancreas, 0.3, pmp, deceased
DE, 2007, heart, 4.60, pmp, deceased
DE, 2007, lung, 0, pmp, deceased
DE, 2007, heart/lung, -, pmp, deceased
DE, 2007, kidney, 566, num, living
DE, 2007, liver, 68, num, living
DE, 2007, pancreas, -, num, living
DE, 2007, heart, -, num, living
DE, 2007, lung, -, num, living
DE, 2007, heart/lung, -, num, living
DE, 2007, kidney, 6.90, pmp, living
DE, 2007, liver, 0.8, pmp, living
DE, 2007, pancreas, -, pmp, living
DE, 2007, heart, -, pmp, living
DE, 2007, lung, -, pmp, living
DE, 2007, heart/lung, -, pmp, living
DE, 2008, kidney, 2169, num, deceased
DE, 2008, liver, 914, num, deceased
DE, 2008, pancreas, 137, num, deceased
DE, 2008, heart, 382, num, deceased
DE, 2008, lung, 40, num, deceased
DE, 2008, heart/lung, -, num, deceased
DE, 2008, kidney, 26.40, pmp, deceased
DE, 2008, liver, 11.10, pmp, deceased
DE, 2008, pancreas, 1.7, pmp, deceased
DE, 2008, heart, 4.70, pmp, deceased
DE, 2008, lung, 0.5, pmp, deceased
DE, 2008, heart/lung, -, pmp, deceased
DE, 2008, kidney, 565, num, living
DE, 2008, liver, 55, num, living
DE, 2008, pancreas, -, num, living
DE, 2008, heart, -, num, living
DE, 2008, lung, -, num, living
DE, 2008, heart/lung, -, num, living
DE, 2008, kidney, 6.90, pmp, living
DE, 2008, liver, 0.7, pmp, living
DE, 2008, pancreas, -, pmp, living
DE, 2008, heart, -, pmp, living
DE, 2008, lung, -, pmp, living
DE, 2008, heart/lung, -, pmp, living
DE, 2009, kidney, 2152, num, deceased
DE, 2009, liver, 1019, num, deceased
DE, 2009, pancreas, 115, num, deceased
DE, 2009, heart, 363, num, deceased
DE, 2009, lung, 39, num, deceased
DE, 2009, heart/lung, -, num, deceased
DE, 2009, kidney, 26.30, pmp, deceased
DE, 2009, liver, 12.40, pmp, deceased
DE, 2009, pancreas, 1.40, pmp, deceased
DE, 2009, heart, 4.40, pmp, deceased
DE, 2009, lung, 0.5, pmp, deceased
DE, 2009, heart/lung, -, pmp, deceased
DE, 2009, kidney, 600, num, living
DE, 2009, liver, 60, num, living
DE, 2009, pancreas, -, num, living
DE, 2009, heart, -, num, living
DE, 2009, lung, -, num, living
DE, 2009, heart/lung, -, num, living
DE, 2009, kidney, 7.30, pmp, living
DE, 2009, liver, 0.7, pmp, living
DE, 2009, pancreas, -, pmp, living
DE, 2009, heart, -, pmp, living
DE, 2009, lung, -, pmp, living
DE, 2009, heart/lung, -, pmp, living
DE, 2010, kidney, 2250, num, deceased
DE, 2010, liver, 1080, num, deceased
DE, 2010, pancreas, 163, num, deceased
DE, 2010, heart, 393, num, deceased
DE, 2010, lung, 44, num, deceased
DE, 2010, heart/lung, -, num, deceased
DE, 2010, kidney, 27.5, pmp, deceased
DE, 2010, liver, 13.20, pmp, deceased
DE, 2010, pancreas, 2, pmp, deceased
DE, 2010, heart, 4.80, pmp, deceased
DE, 2010, lung, 0.5, pmp, deceased
DE, 2010, heart/lung, -, pmp, deceased
DE, 2010, kidney, 665, num, living
DE, 2010, liver, 90, num, living
DE, 2010, pancreas, -, num, living
DE, 2010, heart, -, num, living
DE, 2010, lung, -, num, living
DE, 2010, heart/lung, -, num, living
DE, 2010, kidney, 8.10, pmp, living
DE, 2010, liver, 1.10, pmp, living
DE, 2010, pancreas, -, pmp, living
DE, 2010, heart, -, pmp, living
DE, 2010, lung, -, pmp, living
DE, 2010, heart/lung, -, pmp, living
DE, 2011, kidney, 2055, num, deceased
DE, 2011, liver, 1116, num, deceased
DE, 2011, pancreas, 171, num, deceased
DE, 2011, heart, 366, num, deceased
DE, 2011, lung, 337, num, deceased
DE, 2011, heart/lung, -, num, deceased
DE, 2011, kidney, 25.10, pmp, deceased
DE, 2011, liver, 13.60, pmp, deceased
DE, 2011, pancreas, 2.10, pmp, deceased
DE, 2011, heart, 4.5, pmp, deceased
DE, 2011, lung, 4.10, pmp, deceased
DE, 2011, heart/lung, -, pmp, deceased
DE, 2011, kidney, 795, num, living
DE, 2011, liver, 71, num, living
DE, 2011, pancreas, -, num, living
DE, 2011, heart, -, num, living
DE, 2011, lung, -, num, living
DE, 2011, heart/lung, -, num, living
DE, 2011, kidney, 9.70, pmp, living
DE, 2011, liver, 0.9, pmp, living
DE, 2011, pancreas, -, pmp, living
DE, 2011, heart, -, pmp, living
DE, 2011, lung, -, pmp, living
DE, 2011, heart/lung, -, pmp, living
DE, 2012, kidney, 1820, num, deceased
DE, 2012, liver, 935, num, deceased
DE, 2012, pancreas, 161, num, deceased
DE, 2012, heart, 345, num, deceased
DE, 2012, lung, 357, num, deceased
DE, 2012, heart/lung, -, num, deceased
DE, 2012, kidney, 22.20, pmp, deceased
DE, 2012, liver, 11.40, pmp, deceased
DE, 2012, pancreas, 2, pmp, deceased
DE, 2012, heart, 4.20, pmp, deceased
DE, 2012, lung, 4.40, pmp, deceased
DE, 2012, heart/lung, -, pmp, deceased
DE, 2012, kidney, 766, num, living
DE, 2012, liver, 80, num, living
DE, 2012, pancreas, -, num, living
DE, 2012, heart, -, num, living
DE, 2012, lung, -, num, living
DE, 2012, heart/lung, -, num, living
DE, 2012, kidney, 9.40, pmp, living
DE, 2012, liver, 1, pmp, living
DE, 2012, pancreas, -, pmp, living
DE, 2012, heart, -, pmp, living
DE, 2012, lung, -, pmp, living
DE, 2012, heart/lung, -, pmp, living
DE, 2013, kidney, 1547, num, deceased
DE, 2013, liver, 884, num, deceased
DE, 2013, pancreas, 128, num, deceased
DE, 2013, heart, 313, num, deceased
DE, 2013, lung, 371, num, deceased
DE, 2013, heart/lung, -, num, deceased
DE, 2013, kidney, 19.20, pmp, deceased
DE, 2013, liver, 11, pmp, deceased
DE, 2013, pancreas, 1.60, pmp, deceased
DE, 2013, heart, 3.9, pmp, deceased
DE, 2013, lung, 4.60, pmp, deceased
DE, 2013, heart/lung, -, pmp, deceased
DE, 2013, kidney, 725, num, living
DE, 2013, liver, 86, num, living
DE, 2013, pancreas, -, num, living
DE, 2013, heart, -, num, living
DE, 2013, lung, -, num, living
DE, 2013, heart/lung, -, num, living
DE, 2013, kidney, 9, pmp, living
DE, 2013, liver, 1.10, pmp, living
DE, 2013, pancreas, -, pmp, living
DE, 2013, heart, -, pmp, living
DE, 2013, lung, -, pmp, living
DE, 2013, heart/lung, -, pmp, living
DE, 2014, kidney, 1508, num, deceased
DE, 2014, liver, 879, num, deceased
DE, 2014, pancreas, 120, num, deceased
DE, 2014, heart, 304, num, deceased
DE, 2014, lung, 352, num, deceased
DE, 2014, heart/lung, -, num, deceased
DE, 2014, kidney, 18.60, pmp, deceased
DE, 2014, liver, 10.90, pmp, deceased
DE, 2014, pancreas, 1.5, pmp, deceased
DE, 2014, heart, 3.80, pmp, deceased
DE, 2014, lung, 4.30, pmp, deceased
DE, 2014, heart/lung, -, pmp, deceased
DE, 2014, kidney, 619, num, living
DE, 2014, liver, 62, num, living
DE, 2014, pancreas, -, num, living
DE, 2014, heart, -, num, living
DE, 2014, lung, -, num, living
DE, 2014, heart/lung, -, num, living
DE, 2014, kidney, 7.60, pmp, living
DE, 2014, liver, 0.8, pmp, living
DE, 2014, pancreas, -, pmp, living
DE, 2014, heart, -, pmp, living
DE, 2014, lung, -, pmp, living
DE, 2014, heart/lung, -, pmp, living
DE, 2015, kidney, 1550, num, deceased
DE, 2015, liver, 846, num, deceased
DE, 2015, pancreas, 105, num, deceased
DE, 2015, heart, 286, num, deceased
DE, 2015, lung, 295, num, deceased
DE, 2015, heart/lung, -, num, deceased
DE, 2015, kidney, 19, pmp, deceased
DE, 2015, liver, 10.40, pmp, deceased
DE, 2015, pancreas, 1.30, pmp, deceased
DE, 2015, heart, 3.5, pmp, deceased
DE, 2015, lung, 3.60, pmp, deceased
DE, 2015, heart/lung, -, pmp, deceased
DE, 2015, kidney, 645, num, living
DE, 2015, liver, 45, num, living
DE, 2015, pancreas, -, num, living
DE, 2015, heart, -, num, living
DE, 2015, lung, -, num, living
DE, 2015, heart/lung, -, num, living
DE, 2015, kidney, 7.90, pmp, living
DE, 2015, liver, 0.6, pmp, living
DE, 2015, pancreas, -, pmp, living
DE, 2015, heart, -, pmp, living
DE, 2015, lung, -, pmp, living
DE, 2015, heart/lung, -, pmp, living
DE, 2016, kidney, 1497, num, deceased
DE, 2016, liver, 826, num, deceased
DE, 2016, pancreas, 97, num, deceased
DE, 2016, heart, 297, num, deceased
DE, 2016, lung, 328, num, deceased
DE, 2016, heart/lung, -, num, deceased
DE, 2016, kidney, 18.20, pmp, deceased
DE, 2016, liver, 10.10, pmp, deceased
DE, 2016, pancreas, 1.20, pmp, deceased
DE, 2016, heart, 3.60, pmp, deceased
DE, 2016, lung, 4, pmp, deceased
DE, 2016, heart/lung, -, pmp, deceased
DE, 2016, kidney, 597, num, living
DE, 2016, liver, 50, num, living
DE, 2016, pancreas, -, num, living
DE, 2016, heart, -, num, living
DE, 2016, lung, -, num, living
DE, 2016, heart/lung, -, num, living
DE, 2016, kidney, 7.30, pmp, living
DE, 2016, liver, 0.6, pmp, living
DE, 2016, pancreas, -, pmp, living
DE, 2016, heart, -, pmp, living
DE, 2016, lung, -, pmp, living
DE, 2016, heart/lung, -, pmp, living
DE, 2017, kidney, 1364, num, deceased
DE, 2017, liver, 760, num, deceased
DE, 2017, pancreas, 72, num, deceased
DE, 2017, heart, 257, num, deceased
DE, 2017, lung, 309, num, deceased
DE, 2017, heart/lung, -, num, deceased
DE, 2017, kidney, 16.5, pmp, deceased
DE, 2017, liver, 9.20, pmp, deceased
DE, 2017, pancreas, 0.9, pmp, deceased
DE, 2017, heart, 3.10, pmp, deceased
DE, 2017, lung, 3.70, pmp, deceased
DE, 2017, heart/lung, -, pmp, deceased
DE, 2017, kidney, 557, num, living
DE, 2017, liver, 61, num, living
DE, 2017, pancreas, -, num, living
DE, 2017, heart, -, num, living
DE, 2017, lung, -, num, living
DE, 2017, heart/lung, -, num, living
DE, 2017, kidney, 6.70, pmp, living
DE, 2017, liver, 0.7, pmp, living
DE, 2017, pancreas, -, pmp, living
DE, 2017, heart, -, pmp, living
DE, 2017, lung, -, pmp, living
DE, 2017, heart/lung, -, pmp, living
DE, 2018, kidney, 1653, num, deceased
DE, 2018, liver, 820, num, deceased
DE, 2018, pancreas, 95, num, deceased
DE, 2018, heart, 318, num, deceased
DE, 2018, lung, 375, num, deceased
DE, 2018, heart/lung, -, num, deceased
DE, 2018, kidney, 19.90, pmp, deceased
DE, 2018, liver, 9.90, pmp, deceased
DE, 2018, pancreas, 1.10, pmp, deceased
DE, 2018, heart, 3.80, pmp, deceased
DE, 2018, lung, 4.5, pmp, deceased
DE, 2018, heart/lung, -, pmp, deceased
DE, 2018, kidney, 638, num, living
DE, 2018, liver, 57, num, living
DE, 2018, pancreas, -, num, living
DE, 2018, heart, -, num, living
DE, 2018, lung, -, num, living
DE, 2018, heart/lung, -, num, living
DE, 2018, kidney, 7.70, pmp, living
DE, 2018, liver, 0.7, pmp, living
DE, 2018, pancreas, -, pmp, living
DE, 2018, heart, -, pmp, living
DE, 2018, lung, -, pmp, living
DE, 2018, heart/lung, -, pmp, living
