KW, 2017, actual, 20, num, deceased
KW, 2017, actual, 5, pmp, deceased
KW, 2017, utilized, 20, num, deceased
KW, 2017, utilized, 5, pmp, deceased
KW, 2017, living, 60, num, living
KW, 2017, living, 15, pmp, living
KW, 2017, actual, 20, num, deceased
KW, 2017, actual, 5, pmp, deceased
KW, 2017, utilized, 20, num, deceased
KW, 2017, utilized, 5, pmp, deceased
KW, 2017, living, 60, num, living
KW, 2017, living, 15, pmp, living
KW, 2017, actual, 20, num, deceased
KW, 2017, actual, 5, pmp, deceased
KW, 2017, utilized, 20, num, deceased
KW, 2017, utilized, 5, pmp, deceased
KW, 2017, living, 60, num, living
KW, 2017, living, 15, pmp, living
KW, 2017, actual, 20, num, deceased
KW, 2017, actual, 5, pmp, deceased
KW, 2017, utilized, 20, num, deceased
KW, 2017, utilized, 5, pmp, deceased
KW, 2017, living, 60, num, living
KW, 2017, living, 15, pmp, living
KW, 2017, actual, 20, num, deceased
KW, 2017, actual, 5, pmp, deceased
KW, 2017, utilized, 20, num, deceased
KW, 2017, utilized, 5, pmp, deceased
KW, 2017, living, 60, num, living
KW, 2017, living, 15, pmp, living
KW, 2017, actual, 20, num, deceased
KW, 2017, actual, 5, pmp, deceased
KW, 2017, utilized, 20, num, deceased
KW, 2017, utilized, 5, pmp, deceased
KW, 2017, living, 60, num, living
KW, 2017, living, 15, pmp, living
KW, 2017, actual, 20, num, deceased
KW, 2017, actual, 5, pmp, deceased
KW, 2017, utilized, 20, num, deceased
KW, 2017, utilized, 5, pmp, deceased
KW, 2017, living, 60, num, living
KW, 2017, living, 15, pmp, living
KW, 2017, actual, 20, num, deceased
KW, 2017, actual, 5, pmp, deceased
KW, 2017, utilized, 20, num, deceased
KW, 2017, utilized, 5, pmp, deceased
KW, 2017, living, 60, num, living
KW, 2017, living, 15, pmp, living
KW, 2017, actual, 20, num, deceased
KW, 2017, actual, 5, pmp, deceased
KW, 2017, utilized, 20, num, deceased
KW, 2017, utilized, 5, pmp, deceased
KW, 2017, living, 60, num, living
KW, 2017, living, 15, pmp, living
KW, 2017, actual, 20, num, deceased
KW, 2017, actual, 5, pmp, deceased
KW, 2017, utilized, 20, num, deceased
KW, 2017, utilized, 5, pmp, deceased
KW, 2017, living, 60, num, living
KW, 2017, living, 15, pmp, living
KW, 2017, actual, 20, num, deceased
KW, 2017, actual, 5, pmp, deceased
KW, 2017, utilized, 20, num, deceased
KW, 2017, utilized, 5, pmp, deceased
KW, 2017, living, 60, num, living
KW, 2017, living, 15, pmp, living
KW, 2004, actual, 14, num, deceased
KW, 2004, actual, 6.40, pmp, deceased
KW, 2004, utilized, -, num, deceased
KW, 2004, utilized, -, pmp, deceased
KW, 2004, living, 73, num, living
KW, 2004, living, 33.20, pmp, living
KW, 2005, actual, 13, num, deceased
KW, 2005, actual, 5.90, pmp, deceased
KW, 2005, utilized, -, num, deceased
KW, 2005, utilized, -, pmp, deceased
KW, 2005, living, 51, num, living
KW, 2005, living, 23.20, pmp, living
KW, 2017, actual, 20, num, deceased
KW, 2017, actual, 5, pmp, deceased
KW, 2017, utilized, 20, num, deceased
KW, 2017, utilized, 5, pmp, deceased
KW, 2017, living, 60, num, living
KW, 2017, living, 15, pmp, living
KW, 2017, actual, 20, num, deceased
KW, 2017, actual, 5, pmp, deceased
KW, 2017, utilized, 20, num, deceased
KW, 2017, utilized, 5, pmp, deceased
KW, 2017, living, 60, num, living
KW, 2017, living, 15, pmp, living
KW, 2017, actual, 20, num, deceased
KW, 2017, actual, 5, pmp, deceased
KW, 2017, utilized, 20, num, deceased
KW, 2017, utilized, 5, pmp, deceased
KW, 2017, living, 60, num, living
KW, 2017, living, 15, pmp, living
KW, 2017, actual, 20, num, deceased
KW, 2017, actual, 5, pmp, deceased
KW, 2017, utilized, 20, num, deceased
KW, 2017, utilized, 5, pmp, deceased
KW, 2017, living, 60, num, living
KW, 2017, living, 15, pmp, living
KW, 2017, actual, 20, num, deceased
KW, 2017, actual, 5, pmp, deceased
KW, 2017, utilized, 20, num, deceased
KW, 2017, utilized, 5, pmp, deceased
KW, 2017, living, 60, num, living
KW, 2017, living, 15, pmp, living
KW, 2017, actual, 20, num, deceased
KW, 2017, actual, 5, pmp, deceased
KW, 2017, utilized, 20, num, deceased
KW, 2017, utilized, 5, pmp, deceased
KW, 2017, living, 60, num, living
KW, 2017, living, 15, pmp, living
KW, 2012, actual, 18, num, deceased
KW, 2012, actual, 6, pmp, deceased
KW, 2012, utilized, -, num, deceased
KW, 2012, utilized, -, pmp, deceased
KW, 2012, living, 40, num, living
KW, 2012, living, 13.30, pmp, living
KW, 2013, actual, 11, num, deceased
KW, 2013, actual, 3.70, pmp, deceased
KW, 2013, utilized, 10, num, deceased
KW, 2013, utilized, 3.30, pmp, deceased
KW, 2013, living, 50, num, living
KW, 2013, living, 16.70, pmp, living
KW, 2014, actual, 24, num, deceased
KW, 2014, actual, 8, pmp, deceased
KW, 2014, utilized, -, num, deceased
KW, 2014, utilized, -, pmp, deceased
KW, 2014, living, 58, num, living
KW, 2014, living, 19.30, pmp, living
KW, 2017, actual, 20, num, deceased
KW, 2017, actual, 5, pmp, deceased
KW, 2017, utilized, 20, num, deceased
KW, 2017, utilized, 5, pmp, deceased
KW, 2017, living, 60, num, living
KW, 2017, living, 15, pmp, living
KW, 2016, actual, 18, num, deceased
KW, 2016, actual, 4.5, pmp, deceased
KW, 2016, utilized, -, num, deceased
KW, 2016, utilized, -, pmp, deceased
KW, 2016, living, 47, num, living
KW, 2016, living, 11.75, pmp, living
KW, 2017, actual, 20, num, deceased
KW, 2017, actual, 5, pmp, deceased
KW, 2017, utilized, 20, num, deceased
KW, 2017, utilized, 5, pmp, deceased
KW, 2017, living, 60, num, living
KW, 2017, living, 15, pmp, living
KW, 2017, actual, 20, num, deceased
KW, 2017, actual, 5, pmp, deceased
KW, 2017, utilized, 20, num, deceased
KW, 2017, utilized, 5, pmp, deceased
KW, 2017, living, 60, num, living
KW, 2017, living, 15, pmp, living
KR, 2018, actual, 449, num, deceased
KR, 2018, actual, 8.66, pmp, deceased
KR, 2018, utilized, 449, num, deceased
KR, 2018, utilized, 8.66, pmp, deceased
KR, 2018, living, 2405, num, living
KR, 2018, living, 46.40, pmp, living
KR, 2018, actual, 449, num, deceased
KR, 2018, actual, 8.66, pmp, deceased
KR, 2018, utilized, 449, num, deceased
KR, 2018, utilized, 8.66, pmp, deceased
KR, 2018, living, 2405, num, living
KR, 2018, living, 46.40, pmp, living
KR, 2018, actual, 449, num, deceased
KR, 2018, actual, 8.66, pmp, deceased
KR, 2018, utilized, 449, num, deceased
KR, 2018, utilized, 8.66, pmp, deceased
KR, 2018, living, 2405, num, living
KR, 2018, living, 46.40, pmp, living
KR, 2018, actual, 449, num, deceased
KR, 2018, actual, 8.66, pmp, deceased
KR, 2018, utilized, 449, num, deceased
KR, 2018, utilized, 8.66, pmp, deceased
KR, 2018, living, 2405, num, living
KR, 2018, living, 46.40, pmp, living
KR, 2018, actual, 449, num, deceased
KR, 2018, actual, 8.66, pmp, deceased
KR, 2018, utilized, 449, num, deceased
KR, 2018, utilized, 8.66, pmp, deceased
KR, 2018, living, 2405, num, living
KR, 2018, living, 46.40, pmp, living
KR, 2018, actual, 449, num, deceased
KR, 2018, actual, 8.66, pmp, deceased
KR, 2018, utilized, 449, num, deceased
KR, 2018, utilized, 8.66, pmp, deceased
KR, 2018, living, 2405, num, living
KR, 2018, living, 46.40, pmp, living
KR, 2018, actual, 449, num, deceased
KR, 2018, actual, 8.66, pmp, deceased
KR, 2018, utilized, 449, num, deceased
KR, 2018, utilized, 8.66, pmp, deceased
KR, 2018, living, 2405, num, living
KR, 2018, living, 46.40, pmp, living
KR, 2018, actual, 449, num, deceased
KR, 2018, actual, 8.66, pmp, deceased
KR, 2018, utilized, 449, num, deceased
KR, 2018, utilized, 8.66, pmp, deceased
KR, 2018, living, 2405, num, living
KR, 2018, living, 46.40, pmp, living
KR, 2018, actual, 449, num, deceased
KR, 2018, actual, 8.66, pmp, deceased
KR, 2018, utilized, 449, num, deceased
KR, 2018, utilized, 8.66, pmp, deceased
KR, 2018, living, 2405, num, living
KR, 2018, living, 46.40, pmp, living
KR, 2018, actual, 449, num, deceased
KR, 2018, actual, 8.66, pmp, deceased
KR, 2018, utilized, 449, num, deceased
KR, 2018, utilized, 8.66, pmp, deceased
KR, 2018, living, 2405, num, living
KR, 2018, living, 46.40, pmp, living
KR, 2018, actual, 449, num, deceased
KR, 2018, actual, 8.66, pmp, deceased
KR, 2018, utilized, 449, num, deceased
KR, 2018, utilized, 8.66, pmp, deceased
KR, 2018, living, 2405, num, living
KR, 2018, living, 46.40, pmp, living
KR, 2018, actual, 449, num, deceased
KR, 2018, actual, 8.66, pmp, deceased
KR, 2018, utilized, 449, num, deceased
KR, 2018, utilized, 8.66, pmp, deceased
KR, 2018, living, 2405, num, living
KR, 2018, living, 46.40, pmp, living
KR, 2005, actual, 91, num, deceased
KR, 2005, actual, 1.9, pmp, deceased
KR, 2005, utilized, -, num, deceased
KR, 2005, utilized, -, pmp, deceased
KR, 2005, living, 1272, num, living
KR, 2005, living, 25.80, pmp, living
KR, 2006, actual, 140, num, deceased
KR, 2006, actual, 2.80, pmp, deceased
KR, 2006, utilized, -, num, deceased
KR, 2006, utilized, -, pmp, deceased
KR, 2006, living, 1326, num, living
KR, 2006, living, 26.90, pmp, living
KR, 2007, actual, 144, num, deceased
KR, 2007, actual, 2.97, pmp, deceased
KR, 2007, utilized, -, num, deceased
KR, 2007, utilized, -, pmp, deceased
KR, 2007, living, 1466, num, living
KR, 2007, living, 30.25, pmp, living
KR, 2008, actual, 0, num, deceased
KR, 2008, actual, 0, pmp, deceased
KR, 2008, utilized, -, num, deceased
KR, 2008, utilized, -, pmp, deceased
KR, 2008, living, 0, num, living
KR, 2008, living, 0, pmp, living
KR, 2009, actual, 0, num, deceased
KR, 2009, actual, 0, pmp, deceased
KR, 2009, utilized, -, num, deceased
KR, 2009, utilized, -, pmp, deceased
KR, 2009, living, 0, num, living
KR, 2009, living, 0, pmp, living
KR, 2010, actual, 268, num, deceased
KR, 2010, actual, 5.31, pmp, deceased
KR, 2010, utilized, -, num, deceased
KR, 2010, utilized, -, pmp, deceased
KR, 2010, living, 1782, num, living
KR, 2010, living, 37.12, pmp, living
KR, 2011, actual, 366, num, deceased
KR, 2011, actual, 7.22, pmp, deceased
KR, 2011, utilized, -, num, deceased
KR, 2011, utilized, -, pmp, deceased
KR, 2011, living, 1855, num, living
KR, 2011, living, 37.10, pmp, living
KR, 2012, actual, 409, num, deceased
KR, 2012, actual, 8.35, pmp, deceased
KR, 2012, utilized, -, num, deceased
KR, 2012, utilized, -, pmp, deceased
KR, 2012, living, 1912, num, living
KR, 2012, living, 39.02, pmp, living
KR, 2013, actual, 416, num, deceased
KR, 2013, actual, 8.44, pmp, deceased
KR, 2013, utilized, -, num, deceased
KR, 2013, utilized, -, pmp, deceased
KR, 2013, living, 1800, num, living
KR, 2013, living, 36.54, pmp, living
KR, 2014, actual, 446, num, deceased
KR, 2014, actual, 9.01, pmp, deceased
KR, 2014, utilized, -, num, deceased
KR, 2014, utilized, -, pmp, deceased
KR, 2014, living, 1858, num, living
KR, 2014, living, 37.53, pmp, living
KR, 2015, actual, 501, num, deceased
KR, 2015, actual, 9.96, pmp, deceased
KR, 2015, utilized, -, num, deceased
KR, 2015, utilized, -, pmp, deceased
KR, 2015, living, 1932, num, living
KR, 2015, living, 38.41, pmp, living
KR, 2016, actual, 573, num, deceased
KR, 2016, actual, 11.18, pmp, deceased
KR, 2016, utilized, 573, num, deceased
KR, 2016, utilized, 11.18, pmp, deceased
KR, 2016, living, 2209, num, living
KR, 2016, living, 43.09, pmp, living
KR, 2017, actual, 515, num, deceased
KR, 2017, actual, 9.95, pmp, deceased
KR, 2017, utilized, 515, num, deceased
KR, 2017, utilized, 9.95, pmp, deceased
KR, 2017, living, 2293, num, living
KR, 2017, living, 44.28, pmp, living
KR, 2018, actual, 449, num, deceased
KR, 2018, actual, 8.66, pmp, deceased
KR, 2018, utilized, 449, num, deceased
KR, 2018, utilized, 8.66, pmp, deceased
KR, 2018, living, 2405, num, living
KR, 2018, living, 46.40, pmp, living
LV, 2017, actual, 24, num, deceased
LV, 2017, actual, 12.31, pmp, deceased
LV, 2017, utilized, 20, num, deceased
LV, 2017, utilized, 10.26, pmp, deceased
LV, 2017, living, 13, num, living
LV, 2017, living, 6.67, pmp, living
LV, 2017, actual, 24, num, deceased
LV, 2017, actual, 12.31, pmp, deceased
LV, 2017, utilized, 20, num, deceased
LV, 2017, utilized, 10.26, pmp, deceased
LV, 2017, living, 13, num, living
LV, 2017, living, 6.67, pmp, living
LV, 2017, actual, 24, num, deceased
LV, 2017, actual, 12.31, pmp, deceased
LV, 2017, utilized, 20, num, deceased
LV, 2017, utilized, 10.26, pmp, deceased
LV, 2017, living, 13, num, living
LV, 2017, living, 6.67, pmp, living
LV, 2017, actual, 24, num, deceased
LV, 2017, actual, 12.31, pmp, deceased
LV, 2017, utilized, 20, num, deceased
LV, 2017, utilized, 10.26, pmp, deceased
LV, 2017, living, 13, num, living
LV, 2017, living, 6.67, pmp, living
LV, 2017, actual, 24, num, deceased
LV, 2017, actual, 12.31, pmp, deceased
LV, 2017, utilized, 20, num, deceased
LV, 2017, utilized, 10.26, pmp, deceased
LV, 2017, living, 13, num, living
LV, 2017, living, 6.67, pmp, living
LV, 2017, actual, 24, num, deceased
LV, 2017, actual, 12.31, pmp, deceased
LV, 2017, utilized, 20, num, deceased
LV, 2017, utilized, 10.26, pmp, deceased
LV, 2017, living, 13, num, living
LV, 2017, living, 6.67, pmp, living
LV, 2017, actual, 24, num, deceased
LV, 2017, actual, 12.31, pmp, deceased
LV, 2017, utilized, 20, num, deceased
LV, 2017, utilized, 10.26, pmp, deceased
LV, 2017, living, 13, num, living
LV, 2017, living, 6.67, pmp, living
LV, 2000, actual, 40, num, deceased
LV, 2000, actual, 17.30, pmp, deceased
LV, 2000, utilized, -, num, deceased
LV, 2000, utilized, -, pmp, deceased
LV, 2000, living, 0, num, living
LV, 2000, living, 0, pmp, living
LV, 2001, actual, 56, num, deceased
LV, 2001, actual, 24.30, pmp, deceased
LV, 2001, utilized, -, num, deceased
LV, 2001, utilized, -, pmp, deceased
LV, 2001, living, 0, num, living
LV, 2001, living, 0, pmp, living
LV, 2002, actual, 39, num, deceased
LV, 2002, actual, 16.90, pmp, deceased
LV, 2002, utilized, -, num, deceased
LV, 2002, utilized, -, pmp, deceased
LV, 2002, living, 0, num, living
LV, 2002, living, 0, pmp, living
LV, 2003, actual, 39, num, deceased
LV, 2003, actual, 16.90, pmp, deceased
LV, 2003, utilized, -, num, deceased
LV, 2003, utilized, -, pmp, deceased
LV, 2003, living, 0, num, living
LV, 2003, living, 0, pmp, living
LV, 2004, actual, 41, num, deceased
LV, 2004, actual, 17.80, pmp, deceased
LV, 2004, utilized, -, num, deceased
LV, 2004, utilized, -, pmp, deceased
LV, 2004, living, 1, num, living
LV, 2004, living, 0.4, pmp, living
LV, 2005, actual, 46, num, deceased
LV, 2005, actual, 20, pmp, deceased
LV, 2005, utilized, -, num, deceased
LV, 2005, utilized, -, pmp, deceased
LV, 2005, living, 0, num, living
LV, 2005, living, 0, pmp, living
LV, 2006, actual, 43, num, deceased
LV, 2006, actual, 18.70, pmp, deceased
LV, 2006, utilized, -, num, deceased
LV, 2006, utilized, -, pmp, deceased
LV, 2006, living, 0, num, living
LV, 2006, living, 0, pmp, living
LV, 2007, actual, 43, num, deceased
LV, 2007, actual, 18.70, pmp, deceased
LV, 2007, utilized, -, num, deceased
LV, 2007, utilized, -, pmp, deceased
LV, 2007, living, 1, num, living
LV, 2007, living, 0.4, pmp, living
LV, 2008, actual, 30, num, deceased
LV, 2008, actual, 13, pmp, deceased
LV, 2008, utilized, -, num, deceased
LV, 2008, utilized, -, pmp, deceased
LV, 2008, living, 1, num, living
LV, 2008, living, 0.4, pmp, living
LV, 2009, actual, 34, num, deceased
LV, 2009, actual, 14.80, pmp, deceased
LV, 2009, utilized, -, num, deceased
LV, 2009, utilized, -, pmp, deceased
LV, 2009, living, 6, num, living
LV, 2009, living, 2.60, pmp, living
LV, 2010, actual, 34, num, deceased
LV, 2010, actual, 14.80, pmp, deceased
LV, 2010, utilized, -, num, deceased
LV, 2010, utilized, -, pmp, deceased
LV, 2010, living, 2, num, living
LV, 2010, living, 0.9, pmp, living
LV, 2011, actual, 40, num, deceased
LV, 2011, actual, 17.90, pmp, deceased
LV, 2011, utilized, -, num, deceased
LV, 2011, utilized, -, pmp, deceased
LV, 2011, living, 3, num, living
LV, 2011, living, 1.35, pmp, living
LV, 2012, actual, 38, num, deceased
LV, 2012, actual, 19, pmp, deceased
LV, 2012, utilized, -, num, deceased
LV, 2012, utilized, -, pmp, deceased
LV, 2012, living, 5, num, living
LV, 2012, living, 2.5, pmp, living
LV, 2013, actual, 34, num, deceased
LV, 2013, actual, 17, pmp, deceased
LV, 2013, utilized, -, num, deceased
LV, 2013, utilized, -, pmp, deceased
LV, 2013, living, 6, num, living
LV, 2013, living, 3, pmp, living
LV, 2014, actual, 29, num, deceased
LV, 2014, actual, 15.30, pmp, deceased
LV, 2014, utilized, 26, num, deceased
LV, 2014, utilized, 13.70, pmp, deceased
LV, 2014, living, 7, num, living
LV, 2014, living, 3.70, pmp, living
LV, 2015, actual, 37, num, deceased
LV, 2015, actual, 18.80, pmp, deceased
LV, 2015, utilized, 36, num, deceased
LV, 2015, utilized, 18.30, pmp, deceased
LV, 2015, living, 11, num, living
LV, 2015, living, 5.60, pmp, living
LV, 2016, actual, 30, num, deceased
LV, 2016, actual, 15, pmp, deceased
LV, 2016, utilized, 11, num, deceased
LV, 2016, utilized, 5.5, pmp, deceased
LV, 2016, living, 10, num, living
LV, 2016, living, 5, pmp, living
LV, 2017, actual, 24, num, deceased
LV, 2017, actual, 12.31, pmp, deceased
LV, 2017, utilized, 20, num, deceased
LV, 2017, utilized, 10.26, pmp, deceased
LV, 2017, living, 13, num, living
LV, 2017, living, 6.67, pmp, living
LV, 2017, actual, 24, num, deceased
LV, 2017, actual, 12.31, pmp, deceased
LV, 2017, utilized, 20, num, deceased
LV, 2017, utilized, 10.26, pmp, deceased
LV, 2017, living, 13, num, living
LV, 2017, living, 6.67, pmp, living
LB, 2017, actual, 13, num, deceased
LB, 2017, actual, 2.88, pmp, deceased
LB, 2017, utilized, 8, num, deceased
LB, 2017, utilized, 1.77, pmp, deceased
LB, 2017, living, 108, num, living
LB, 2017, living, 24, pmp, living
LB, 2017, actual, 13, num, deceased
LB, 2017, actual, 2.88, pmp, deceased
LB, 2017, utilized, 8, num, deceased
LB, 2017, utilized, 1.77, pmp, deceased
LB, 2017, living, 108, num, living
LB, 2017, living, 24, pmp, living
LB, 2017, actual, 13, num, deceased
LB, 2017, actual, 2.88, pmp, deceased
LB, 2017, utilized, 8, num, deceased
LB, 2017, utilized, 1.77, pmp, deceased
LB, 2017, living, 108, num, living
LB, 2017, living, 24, pmp, living
LB, 2017, actual, 13, num, deceased
LB, 2017, actual, 2.88, pmp, deceased
LB, 2017, utilized, 8, num, deceased
LB, 2017, utilized, 1.77, pmp, deceased
LB, 2017, living, 108, num, living
LB, 2017, living, 24, pmp, living
LB, 2017, actual, 13, num, deceased
LB, 2017, actual, 2.88, pmp, deceased
LB, 2017, utilized, 8, num, deceased
LB, 2017, utilized, 1.77, pmp, deceased
LB, 2017, living, 108, num, living
LB, 2017, living, 24, pmp, living
LB, 2017, actual, 13, num, deceased
LB, 2017, actual, 2.88, pmp, deceased
LB, 2017, utilized, 8, num, deceased
LB, 2017, utilized, 1.77, pmp, deceased
LB, 2017, living, 108, num, living
LB, 2017, living, 24, pmp, living
LB, 2017, actual, 13, num, deceased
LB, 2017, actual, 2.88, pmp, deceased
LB, 2017, utilized, 8, num, deceased
LB, 2017, utilized, 1.77, pmp, deceased
LB, 2017, living, 108, num, living
LB, 2017, living, 24, pmp, living
LB, 2017, actual, 13, num, deceased
LB, 2017, actual, 2.88, pmp, deceased
LB, 2017, utilized, 8, num, deceased
LB, 2017, utilized, 1.77, pmp, deceased
LB, 2017, living, 108, num, living
LB, 2017, living, 24, pmp, living
LB, 2017, actual, 13, num, deceased
LB, 2017, actual, 2.88, pmp, deceased
LB, 2017, utilized, 8, num, deceased
LB, 2017, utilized, 1.77, pmp, deceased
LB, 2017, living, 108, num, living
LB, 2017, living, 24, pmp, living
LB, 2017, actual, 13, num, deceased
LB, 2017, actual, 2.88, pmp, deceased
LB, 2017, utilized, 8, num, deceased
LB, 2017, utilized, 1.77, pmp, deceased
LB, 2017, living, 108, num, living
LB, 2017, living, 24, pmp, living
LB, 2003, actual, 10, num, deceased
LB, 2003, actual, 2.5, pmp, deceased
LB, 2003, utilized, -, num, deceased
LB, 2003, utilized, -, pmp, deceased
LB, 2003, living, 80, num, living
LB, 2003, living, 20, pmp, living
LB, 2004, actual, 3, num, deceased
LB, 2004, actual, 0.7, pmp, deceased
LB, 2004, utilized, -, num, deceased
LB, 2004, utilized, -, pmp, deceased
LB, 2004, living, 70, num, living
LB, 2004, living, 17.5, pmp, living
LB, 2005, actual, 0, num, deceased
LB, 2005, actual, 0, pmp, deceased
LB, 2005, utilized, -, num, deceased
LB, 2005, utilized, -, pmp, deceased
LB, 2005, living, 77, num, living
LB, 2005, living, 19.30, pmp, living
LB, 2006, actual, 5, num, deceased
LB, 2006, actual, 1.30, pmp, deceased
LB, 2006, utilized, -, num, deceased
LB, 2006, utilized, -, pmp, deceased
LB, 2006, living, 68, num, living
LB, 2006, living, 18, pmp, living
LB, 2017, actual, 13, num, deceased
LB, 2017, actual, 2.88, pmp, deceased
LB, 2017, utilized, 8, num, deceased
LB, 2017, utilized, 1.77, pmp, deceased
LB, 2017, living, 108, num, living
LB, 2017, living, 24, pmp, living
LB, 2008, actual, 2, num, deceased
LB, 2008, actual, 0.5, pmp, deceased
LB, 2008, utilized, -, num, deceased
LB, 2008, utilized, -, pmp, deceased
LB, 2008, living, 80, num, living
LB, 2008, living, 20, pmp, living
LB, 2017, actual, 13, num, deceased
LB, 2017, actual, 2.88, pmp, deceased
LB, 2017, utilized, 8, num, deceased
LB, 2017, utilized, 1.77, pmp, deceased
LB, 2017, living, 108, num, living
LB, 2017, living, 24, pmp, living
LB, 2010, actual, 2, num, deceased
LB, 2010, actual, 0.5, pmp, deceased
LB, 2010, utilized, -, num, deceased
LB, 2010, utilized, -, pmp, deceased
LB, 2010, living, 70, num, living
LB, 2010, living, 17.5, pmp, living
LB, 2011, actual, 10, num, deceased
LB, 2011, actual, 2.5, pmp, deceased
LB, 2011, utilized, -, num, deceased
LB, 2011, utilized, -, pmp, deceased
LB, 2011, living, 65, num, living
LB, 2011, living, 16.20, pmp, living
LB, 2012, actual, 10, num, deceased
LB, 2012, actual, 2.5, pmp, deceased
LB, 2012, utilized, -, num, deceased
LB, 2012, utilized, -, pmp, deceased
LB, 2012, living, 84, num, living
LB, 2012, living, 22, pmp, living
LB, 2013, actual, 7, num, deceased
LB, 2013, actual, 1.75, pmp, deceased
LB, 2013, utilized, 7, num, deceased
LB, 2013, utilized, 1.75, pmp, deceased
LB, 2013, living, 109, num, living
LB, 2013, living, 27.25, pmp, living
LB, 2017, actual, 13, num, deceased
LB, 2017, actual, 2.88, pmp, deceased
LB, 2017, utilized, 8, num, deceased
LB, 2017, utilized, 1.77, pmp, deceased
LB, 2017, living, 108, num, living
LB, 2017, living, 24, pmp, living
LB, 2017, actual, 13, num, deceased
LB, 2017, actual, 2.88, pmp, deceased
LB, 2017, utilized, 8, num, deceased
LB, 2017, utilized, 1.77, pmp, deceased
LB, 2017, living, 108, num, living
LB, 2017, living, 24, pmp, living
LB, 2017, actual, 13, num, deceased
LB, 2017, actual, 2.88, pmp, deceased
LB, 2017, utilized, 8, num, deceased
LB, 2017, utilized, 1.77, pmp, deceased
LB, 2017, living, 108, num, living
LB, 2017, living, 24, pmp, living
LB, 2017, actual, 13, num, deceased
LB, 2017, actual, 2.88, pmp, deceased
LB, 2017, utilized, 8, num, deceased
LB, 2017, utilized, 1.77, pmp, deceased
LB, 2017, living, 108, num, living
LB, 2017, living, 24, pmp, living
LB, 2017, actual, 13, num, deceased
LB, 2017, actual, 2.88, pmp, deceased
LB, 2017, utilized, 8, num, deceased
LB, 2017, utilized, 1.77, pmp, deceased
LB, 2017, living, 108, num, living
LB, 2017, living, 24, pmp, living
LY, 2012, actual, 0, num, deceased
LY, 2012, actual, 0, pmp, deceased
LY, 2012, utilized, -, num, deceased
LY, 2012, utilized, -, pmp, deceased
LY, 2012, living, 17, num, living
LY, 2012, living, 2.76, pmp, living
LY, 2012, actual, 0, num, deceased
LY, 2012, actual, 0, pmp, deceased
LY, 2012, utilized, -, num, deceased
LY, 2012, utilized, -, pmp, deceased
LY, 2012, living, 17, num, living
LY, 2012, living, 2.76, pmp, living
LY, 2012, actual, 0, num, deceased
LY, 2012, actual, 0, pmp, deceased
LY, 2012, utilized, -, num, deceased
LY, 2012, utilized, -, pmp, deceased
LY, 2012, living, 17, num, living
LY, 2012, living, 2.76, pmp, living
LY, 2012, actual, 0, num, deceased
LY, 2012, actual, 0, pmp, deceased
LY, 2012, utilized, -, num, deceased
LY, 2012, utilized, -, pmp, deceased
LY, 2012, living, 17, num, living
LY, 2012, living, 2.76, pmp, living
LY, 2012, actual, 0, num, deceased
LY, 2012, actual, 0, pmp, deceased
LY, 2012, utilized, -, num, deceased
LY, 2012, utilized, -, pmp, deceased
LY, 2012, living, 17, num, living
LY, 2012, living, 2.76, pmp, living
LY, 2012, actual, 0, num, deceased
LY, 2012, actual, 0, pmp, deceased
LY, 2012, utilized, -, num, deceased
LY, 2012, utilized, -, pmp, deceased
LY, 2012, living, 17, num, living
LY, 2012, living, 2.76, pmp, living
LY, 2012, actual, 0, num, deceased
LY, 2012, actual, 0, pmp, deceased
LY, 2012, utilized, -, num, deceased
LY, 2012, utilized, -, pmp, deceased
LY, 2012, living, 17, num, living
LY, 2012, living, 2.76, pmp, living
LY, 2012, actual, 0, num, deceased
LY, 2012, actual, 0, pmp, deceased
LY, 2012, utilized, -, num, deceased
LY, 2012, utilized, -, pmp, deceased
LY, 2012, living, 17, num, living
LY, 2012, living, 2.76, pmp, living
LY, 2012, actual, 0, num, deceased
LY, 2012, actual, 0, pmp, deceased
LY, 2012, utilized, -, num, deceased
LY, 2012, utilized, -, pmp, deceased
LY, 2012, living, 17, num, living
LY, 2012, living, 2.76, pmp, living
LY, 2012, actual, 0, num, deceased
LY, 2012, actual, 0, pmp, deceased
LY, 2012, utilized, -, num, deceased
LY, 2012, utilized, -, pmp, deceased
LY, 2012, living, 17, num, living
LY, 2012, living, 2.76, pmp, living
LY, 2012, actual, 0, num, deceased
LY, 2012, actual, 0, pmp, deceased
LY, 2012, utilized, -, num, deceased
LY, 2012, utilized, -, pmp, deceased
LY, 2012, living, 17, num, living
LY, 2012, living, 2.76, pmp, living
LY, 2012, actual, 0, num, deceased
LY, 2012, actual, 0, pmp, deceased
LY, 2012, utilized, -, num, deceased
LY, 2012, utilized, -, pmp, deceased
LY, 2012, living, 17, num, living
LY, 2012, living, 2.76, pmp, living
LY, 2012, actual, 0, num, deceased
LY, 2012, actual, 0, pmp, deceased
LY, 2012, utilized, -, num, deceased
LY, 2012, utilized, -, pmp, deceased
LY, 2012, living, 17, num, living
LY, 2012, living, 2.76, pmp, living
LY, 2012, actual, 0, num, deceased
LY, 2012, actual, 0, pmp, deceased
LY, 2012, utilized, -, num, deceased
LY, 2012, utilized, -, pmp, deceased
LY, 2012, living, 17, num, living
LY, 2012, living, 2.76, pmp, living
LY, 2012, actual, 0, num, deceased
LY, 2012, actual, 0, pmp, deceased
LY, 2012, utilized, -, num, deceased
LY, 2012, utilized, -, pmp, deceased
LY, 2012, living, 17, num, living
LY, 2012, living, 2.76, pmp, living
LY, 2008, actual, 0, num, deceased
LY, 2008, actual, 0, pmp, deceased
LY, 2008, utilized, -, num, deceased
LY, 2008, utilized, -, pmp, deceased
LY, 2008, living, 52, num, living
LY, 2008, living, 10, pmp, living
LY, 2009, actual, 0, num, deceased
LY, 2009, actual, 0, pmp, deceased
LY, 2009, utilized, -, num, deceased
LY, 2009, utilized, -, pmp, deceased
LY, 2009, living, 56, num, living
LY, 2009, living, 11, pmp, living
LY, 2012, actual, 0, num, deceased
LY, 2012, actual, 0, pmp, deceased
LY, 2012, utilized, -, num, deceased
LY, 2012, utilized, -, pmp, deceased
LY, 2012, living, 17, num, living
LY, 2012, living, 2.76, pmp, living
LY, 2012, actual, 0, num, deceased
LY, 2012, actual, 0, pmp, deceased
LY, 2012, utilized, -, num, deceased
LY, 2012, utilized, -, pmp, deceased
LY, 2012, living, 17, num, living
LY, 2012, living, 2.76, pmp, living
LY, 2012, actual, 0, num, deceased
LY, 2012, actual, 0, pmp, deceased
LY, 2012, utilized, -, num, deceased
LY, 2012, utilized, -, pmp, deceased
LY, 2012, living, 17, num, living
LY, 2012, living, 2.76, pmp, living
LY, 2012, actual, 0, num, deceased
LY, 2012, actual, 0, pmp, deceased
LY, 2012, utilized, -, num, deceased
LY, 2012, utilized, -, pmp, deceased
LY, 2012, living, 17, num, living
LY, 2012, living, 2.76, pmp, living
LY, 2012, actual, 0, num, deceased
LY, 2012, actual, 0, pmp, deceased
LY, 2012, utilized, -, num, deceased
LY, 2012, utilized, -, pmp, deceased
LY, 2012, living, 17, num, living
LY, 2012, living, 2.76, pmp, living
LY, 2012, actual, 0, num, deceased
LY, 2012, actual, 0, pmp, deceased
LY, 2012, utilized, -, num, deceased
LY, 2012, utilized, -, pmp, deceased
LY, 2012, living, 17, num, living
LY, 2012, living, 2.76, pmp, living
LY, 2012, actual, 0, num, deceased
LY, 2012, actual, 0, pmp, deceased
LY, 2012, utilized, -, num, deceased
LY, 2012, utilized, -, pmp, deceased
LY, 2012, living, 17, num, living
LY, 2012, living, 2.76, pmp, living
LY, 2012, actual, 0, num, deceased
LY, 2012, actual, 0, pmp, deceased
LY, 2012, utilized, -, num, deceased
LY, 2012, utilized, -, pmp, deceased
LY, 2012, living, 17, num, living
LY, 2012, living, 2.76, pmp, living
LY, 2012, actual, 0, num, deceased
LY, 2012, actual, 0, pmp, deceased
LY, 2012, utilized, -, num, deceased
LY, 2012, utilized, -, pmp, deceased
LY, 2012, living, 17, num, living
LY, 2012, living, 2.76, pmp, living
LT, 2018, actual, 46, num, deceased
LT, 2018, actual, 16.42, pmp, deceased
LT, 2018, utilized, 46, num, deceased
LT, 2018, utilized, 16.42, pmp, deceased
LT, 2018, living, 11, num, living
LT, 2018, living, 3.9, pmp, living
LT, 2018, actual, 46, num, deceased
LT, 2018, actual, 16.42, pmp, deceased
LT, 2018, utilized, 46, num, deceased
LT, 2018, utilized, 16.42, pmp, deceased
LT, 2018, living, 11, num, living
LT, 2018, living, 3.9, pmp, living
LT, 2018, actual, 46, num, deceased
LT, 2018, actual, 16.42, pmp, deceased
LT, 2018, utilized, 46, num, deceased
LT, 2018, utilized, 16.42, pmp, deceased
LT, 2018, living, 11, num, living
LT, 2018, living, 3.9, pmp, living
LT, 2018, actual, 46, num, deceased
LT, 2018, actual, 16.42, pmp, deceased
LT, 2018, utilized, 46, num, deceased
LT, 2018, utilized, 16.42, pmp, deceased
LT, 2018, living, 11, num, living
LT, 2018, living, 3.9, pmp, living
LT, 2018, actual, 46, num, deceased
LT, 2018, actual, 16.42, pmp, deceased
LT, 2018, utilized, 46, num, deceased
LT, 2018, utilized, 16.42, pmp, deceased
LT, 2018, living, 11, num, living
LT, 2018, living, 3.9, pmp, living
LT, 2018, actual, 46, num, deceased
LT, 2018, actual, 16.42, pmp, deceased
LT, 2018, utilized, 46, num, deceased
LT, 2018, utilized, 16.42, pmp, deceased
LT, 2018, living, 11, num, living
LT, 2018, living, 3.9, pmp, living
LT, 2018, actual, 46, num, deceased
LT, 2018, actual, 16.42, pmp, deceased
LT, 2018, utilized, 46, num, deceased
LT, 2018, utilized, 16.42, pmp, deceased
LT, 2018, living, 11, num, living
LT, 2018, living, 3.9, pmp, living
LT, 2018, actual, 46, num, deceased
LT, 2018, actual, 16.42, pmp, deceased
LT, 2018, utilized, 46, num, deceased
LT, 2018, utilized, 16.42, pmp, deceased
LT, 2018, living, 11, num, living
LT, 2018, living, 3.9, pmp, living
LT, 2018, actual, 46, num, deceased
LT, 2018, actual, 16.42, pmp, deceased
LT, 2018, utilized, 46, num, deceased
LT, 2018, utilized, 16.42, pmp, deceased
LT, 2018, living, 11, num, living
LT, 2018, living, 3.9, pmp, living
LT, 2002, actual, 27, num, deceased
LT, 2002, actual, 7.90, pmp, deceased
LT, 2002, utilized, -, num, deceased
LT, 2002, utilized, -, pmp, deceased
LT, 2002, living, 9, num, living
LT, 2002, living, 2.60, pmp, living
LT, 2003, actual, 38, num, deceased
LT, 2003, actual, 11.20, pmp, deceased
LT, 2003, utilized, -, num, deceased
LT, 2003, utilized, -, pmp, deceased
LT, 2003, living, 11, num, living
LT, 2003, living, 3.20, pmp, living
LT, 2004, actual, 35, num, deceased
LT, 2004, actual, 10.30, pmp, deceased
LT, 2004, utilized, -, num, deceased
LT, 2004, utilized, -, pmp, deceased
LT, 2004, living, 4, num, living
LT, 2004, living, 1.20, pmp, living
LT, 2005, actual, 39, num, deceased
LT, 2005, actual, 11.5, pmp, deceased
LT, 2005, utilized, -, num, deceased
LT, 2005, utilized, -, pmp, deceased
LT, 2005, living, 4, num, living
LT, 2005, living, 1.20, pmp, living
LT, 2006, actual, 33, num, deceased
LT, 2006, actual, 9.70, pmp, deceased
LT, 2006, utilized, -, num, deceased
LT, 2006, utilized, -, pmp, deceased
LT, 2006, living, 6, num, living
LT, 2006, living, 1.8, pmp, living
LT, 2007, actual, 48, num, deceased
LT, 2007, actual, 14.10, pmp, deceased
LT, 2007, utilized, -, num, deceased
LT, 2007, utilized, -, pmp, deceased
LT, 2007, living, 10, num, living
LT, 2007, living, 2.9, pmp, living
LT, 2008, actual, 33, num, deceased
LT, 2008, actual, 9.70, pmp, deceased
LT, 2008, utilized, -, num, deceased
LT, 2008, utilized, -, pmp, deceased
LT, 2008, living, 5, num, living
LT, 2008, living, 1.40, pmp, living
LT, 2009, actual, 50, num, deceased
LT, 2009, actual, 14.70, pmp, deceased
LT, 2009, utilized, -, num, deceased
LT, 2009, utilized, -, pmp, deceased
LT, 2009, living, 9, num, living
LT, 2009, living, 2.60, pmp, living
LT, 2010, actual, 36, num, deceased
LT, 2010, actual, 10.90, pmp, deceased
LT, 2010, utilized, -, num, deceased
LT, 2010, utilized, -, pmp, deceased
LT, 2010, living, 8, num, living
LT, 2010, living, 2.40, pmp, living
LT, 2011, actual, 39, num, deceased
LT, 2011, actual, 12.20, pmp, deceased
LT, 2011, utilized, -, num, deceased
LT, 2011, utilized, -, pmp, deceased
LT, 2011, living, 3, num, living
LT, 2011, living, 0.9, pmp, living
LT, 2012, actual, 41, num, deceased
LT, 2012, actual, 13.66, pmp, deceased
LT, 2012, utilized, -, num, deceased
LT, 2012, utilized, -, pmp, deceased
LT, 2012, living, 12, num, living
LT, 2012, living, 4, pmp, living
LT, 2013, actual, 50, num, deceased
LT, 2013, actual, 16.70, pmp, deceased
LT, 2013, utilized, 45, num, deceased
LT, 2013, utilized, 15, pmp, deceased
LT, 2013, living, 7, num, living
LT, 2013, living, 2.30, pmp, living
LT, 2014, actual, 31, num, deceased
LT, 2014, actual, 10.30, pmp, deceased
LT, 2014, utilized, 30, num, deceased
LT, 2014, utilized, 10, pmp, deceased
LT, 2014, living, 13, num, living
LT, 2014, living, 4.30, pmp, living
LT, 2015, actual, 56, num, deceased
LT, 2015, actual, 19.30, pmp, deceased
LT, 2015, utilized, 56, num, deceased
LT, 2015, utilized, 19.30, pmp, deceased
LT, 2015, living, 9, num, living
LT, 2015, living, 3.10, pmp, living
LT, 2016, actual, 61, num, deceased
LT, 2016, actual, 21.03, pmp, deceased
LT, 2016, utilized, 60, num, deceased
LT, 2016, utilized, 20.07, pmp, deceased
LT, 2016, living, 6, num, living
LT, 2016, living, 2.10, pmp, living
LT, 2017, actual, 40, num, deceased
LT, 2017, actual, 14.30, pmp, deceased
LT, 2017, utilized, 40, num, deceased
LT, 2017, utilized, 14.30, pmp, deceased
LT, 2017, living, 6, num, living
LT, 2017, living, 2.10, pmp, living
LT, 2018, actual, 46, num, deceased
LT, 2018, actual, 16.42, pmp, deceased
LT, 2018, utilized, 46, num, deceased
LT, 2018, utilized, 16.42, pmp, deceased
LT, 2018, living, 11, num, living
LT, 2018, living, 3.9, pmp, living
LU, 1993, actual, 9, num, deceased
LU, 1993, actual, 22.5, pmp, deceased
LU, 1993, utilized, -, num, deceased
LU, 1993, utilized, -, pmp, deceased
LU, 1993, living, 0, num, living
LU, 1993, living, 0, pmp, living
LU, 1994, actual, 4, num, deceased
LU, 1994, actual, 10, pmp, deceased
LU, 1994, utilized, -, num, deceased
LU, 1994, utilized, -, pmp, deceased
LU, 1994, living, 0, num, living
LU, 1994, living, 0, pmp, living
LU, 1995, actual, 2, num, deceased
LU, 1995, actual, 5, pmp, deceased
LU, 1995, utilized, -, num, deceased
LU, 1995, utilized, -, pmp, deceased
LU, 1995, living, 0, num, living
LU, 1995, living, 0, pmp, living
LU, 1996, actual, 13, num, deceased
LU, 1996, actual, 32.5, pmp, deceased
LU, 1996, utilized, -, num, deceased
LU, 1996, utilized, -, pmp, deceased
LU, 1996, living, 0, num, living
LU, 1996, living, 0, pmp, living
LU, 1997, actual, 5, num, deceased
LU, 1997, actual, 12.5, pmp, deceased
LU, 1997, utilized, -, num, deceased
LU, 1997, utilized, -, pmp, deceased
LU, 1997, living, 0, num, living
LU, 1997, living, 0, pmp, living
LU, 1998, actual, 7, num, deceased
LU, 1998, actual, 17.5, pmp, deceased
LU, 1998, utilized, -, num, deceased
LU, 1998, utilized, -, pmp, deceased
LU, 1998, living, 0, num, living
LU, 1998, living, 0, pmp, living
LU, 1999, actual, 8, num, deceased
LU, 1999, actual, 20, pmp, deceased
LU, 1999, utilized, -, num, deceased
LU, 1999, utilized, -, pmp, deceased
LU, 1999, living, 0, num, living
LU, 1999, living, 0, pmp, living
LU, 2000, actual, 7, num, deceased
LU, 2000, actual, 17.5, pmp, deceased
LU, 2000, utilized, -, num, deceased
LU, 2000, utilized, -, pmp, deceased
LU, 2000, living, 0, num, living
LU, 2000, living, 0, pmp, living
LU, 2001, actual, 5, num, deceased
LU, 2001, actual, 12.5, pmp, deceased
LU, 2001, utilized, -, num, deceased
LU, 2001, utilized, -, pmp, deceased
LU, 2001, living, 0, num, living
LU, 2001, living, 0, pmp, living
LU, 2002, actual, 3, num, deceased
LU, 2002, actual, 7.5, pmp, deceased
LU, 2002, utilized, -, num, deceased
LU, 2002, utilized, -, pmp, deceased
LU, 2002, living, 0, num, living
LU, 2002, living, 0, pmp, living
LU, 2017, actual, 9, num, deceased
LU, 2017, actual, 15.80, pmp, deceased
LU, 2017, utilized, 9, num, deceased
LU, 2017, utilized, 15.87, pmp, deceased
LU, 2017, living, 0, num, living
LU, 2017, living, 0, pmp, living
LU, 2004, actual, 1, num, deceased
LU, 2004, actual, 2.10, pmp, deceased
LU, 2004, utilized, -, num, deceased
LU, 2004, utilized, -, pmp, deceased
LU, 2004, living, 0, num, living
LU, 2004, living, 0, pmp, living
LU, 2005, actual, 3, num, deceased
LU, 2005, actual, 6.30, pmp, deceased
LU, 2005, utilized, -, num, deceased
LU, 2005, utilized, -, pmp, deceased
LU, 2005, living, 0, num, living
LU, 2005, living, 0, pmp, living
LU, 2006, actual, 6, num, deceased
LU, 2006, actual, 12.70, pmp, deceased
LU, 2006, utilized, -, num, deceased
LU, 2006, utilized, -, pmp, deceased
LU, 2006, living, 0, num, living
LU, 2006, living, 0, pmp, living
LU, 2007, actual, 1, num, deceased
LU, 2007, actual, 2.10, pmp, deceased
LU, 2007, utilized, -, num, deceased
LU, 2007, utilized, -, pmp, deceased
LU, 2007, living, 0, num, living
LU, 2007, living, 0, pmp, living
LU, 2008, actual, 9, num, deceased
LU, 2008, actual, 18.40, pmp, deceased
LU, 2008, utilized, -, num, deceased
LU, 2008, utilized, -, pmp, deceased
LU, 2008, living, 0, num, living
LU, 2008, living, 0, pmp, living
LU, 2017, actual, 9, num, deceased
LU, 2017, actual, 15.80, pmp, deceased
LU, 2017, utilized, 9, num, deceased
LU, 2017, utilized, 15.87, pmp, deceased
LU, 2017, living, 0, num, living
LU, 2017, living, 0, pmp, living
LU, 2010, actual, 3, num, deceased
LU, 2010, actual, 6.02, pmp, deceased
LU, 2010, utilized, -, num, deceased
LU, 2010, utilized, -, pmp, deceased
LU, 2010, living, 0, num, living
LU, 2010, living, 0, pmp, living
LU, 2011, actual, 9, num, deceased
LU, 2011, actual, 18, pmp, deceased
LU, 2011, utilized, -, num, deceased
LU, 2011, utilized, -, pmp, deceased
LU, 2011, living, 0, num, living
LU, 2011, living, 0, pmp, living
LU, 2012, actual, 4, num, deceased
LU, 2012, actual, 7.90, pmp, deceased
LU, 2012, utilized, -, num, deceased
LU, 2012, utilized, -, pmp, deceased
LU, 2012, living, 0, num, living
LU, 2012, living, 0, pmp, living
LU, 2013, actual, 8, num, deceased
LU, 2013, actual, 14.90, pmp, deceased
LU, 2013, utilized, -, num, deceased
LU, 2013, utilized, -, pmp, deceased
LU, 2013, living, 0, num, living
LU, 2013, living, 0, pmp, living
LU, 2014, actual, 4, num, deceased
LU, 2014, actual, 7.30, pmp, deceased
LU, 2014, utilized, -, num, deceased
LU, 2014, utilized, -, pmp, deceased
LU, 2014, living, 0, num, living
LU, 2014, living, 0, pmp, living
LU, 2015, actual, 3, num, deceased
LU, 2015, actual, 10.90, pmp, deceased
LU, 2015, utilized, -, num, deceased
LU, 2015, utilized, -, pmp, deceased
LU, 2015, living, 0, num, living
LU, 2015, living, 0, pmp, living
LU, 2016, actual, 3, num, deceased
LU, 2016, actual, 5, pmp, deceased
LU, 2016, utilized, -, num, deceased
LU, 2016, utilized, -, pmp, deceased
LU, 2016, living, 0, num, living
LU, 2016, living, 0, pmp, living
LU, 2017, actual, 9, num, deceased
LU, 2017, actual, 15.80, pmp, deceased
LU, 2017, utilized, 9, num, deceased
LU, 2017, utilized, 15.87, pmp, deceased
LU, 2017, living, 0, num, living
LU, 2017, living, 0, pmp, living
LU, 2017, actual, 9, num, deceased
LU, 2017, actual, 15.80, pmp, deceased
LU, 2017, utilized, 9, num, deceased
LU, 2017, utilized, 15.87, pmp, deceased
LU, 2017, living, 0, num, living
LU, 2017, living, 0, pmp, living
MK, 2017, actual, 0, num, deceased
MK, 2017, actual, 0, pmp, deceased
MK, 2017, utilized, -, num, deceased
MK, 2017, utilized, -, pmp, deceased
MK, 2017, living, 17, num, living
MK, 2017, living, 8.5, pmp, living
MK, 2017, actual, 0, num, deceased
MK, 2017, actual, 0, pmp, deceased
MK, 2017, utilized, -, num, deceased
MK, 2017, utilized, -, pmp, deceased
MK, 2017, living, 17, num, living
MK, 2017, living, 8.5, pmp, living
MK, 2017, actual, 0, num, deceased
MK, 2017, actual, 0, pmp, deceased
MK, 2017, utilized, -, num, deceased
MK, 2017, utilized, -, pmp, deceased
MK, 2017, living, 17, num, living
MK, 2017, living, 8.5, pmp, living
MK, 2017, actual, 0, num, deceased
MK, 2017, actual, 0, pmp, deceased
MK, 2017, utilized, -, num, deceased
MK, 2017, utilized, -, pmp, deceased
MK, 2017, living, 17, num, living
MK, 2017, living, 8.5, pmp, living
MK, 2017, actual, 0, num, deceased
MK, 2017, actual, 0, pmp, deceased
MK, 2017, utilized, -, num, deceased
MK, 2017, utilized, -, pmp, deceased
MK, 2017, living, 17, num, living
MK, 2017, living, 8.5, pmp, living
MK, 2017, actual, 0, num, deceased
MK, 2017, actual, 0, pmp, deceased
MK, 2017, utilized, -, num, deceased
MK, 2017, utilized, -, pmp, deceased
MK, 2017, living, 17, num, living
MK, 2017, living, 8.5, pmp, living
MK, 2017, actual, 0, num, deceased
MK, 2017, actual, 0, pmp, deceased
MK, 2017, utilized, -, num, deceased
MK, 2017, utilized, -, pmp, deceased
MK, 2017, living, 17, num, living
MK, 2017, living, 8.5, pmp, living
MK, 2017, actual, 0, num, deceased
MK, 2017, actual, 0, pmp, deceased
MK, 2017, utilized, -, num, deceased
MK, 2017, utilized, -, pmp, deceased
MK, 2017, living, 17, num, living
MK, 2017, living, 8.5, pmp, living
MK, 2017, actual, 0, num, deceased
MK, 2017, actual, 0, pmp, deceased
MK, 2017, utilized, -, num, deceased
MK, 2017, utilized, -, pmp, deceased
MK, 2017, living, 17, num, living
MK, 2017, living, 8.5, pmp, living
MK, 2017, actual, 0, num, deceased
MK, 2017, actual, 0, pmp, deceased
MK, 2017, utilized, -, num, deceased
MK, 2017, utilized, -, pmp, deceased
MK, 2017, living, 17, num, living
MK, 2017, living, 8.5, pmp, living
MK, 2017, actual, 0, num, deceased
MK, 2017, actual, 0, pmp, deceased
MK, 2017, utilized, -, num, deceased
MK, 2017, utilized, -, pmp, deceased
MK, 2017, living, 17, num, living
MK, 2017, living, 8.5, pmp, living
MK, 2017, actual, 0, num, deceased
MK, 2017, actual, 0, pmp, deceased
MK, 2017, utilized, -, num, deceased
MK, 2017, utilized, -, pmp, deceased
MK, 2017, living, 17, num, living
MK, 2017, living, 8.5, pmp, living
MK, 2017, actual, 0, num, deceased
MK, 2017, actual, 0, pmp, deceased
MK, 2017, utilized, -, num, deceased
MK, 2017, utilized, -, pmp, deceased
MK, 2017, living, 17, num, living
MK, 2017, living, 8.5, pmp, living
MK, 2017, actual, 0, num, deceased
MK, 2017, actual, 0, pmp, deceased
MK, 2017, utilized, -, num, deceased
MK, 2017, utilized, -, pmp, deceased
MK, 2017, living, 17, num, living
MK, 2017, living, 8.5, pmp, living
MK, 2017, actual, 0, num, deceased
MK, 2017, actual, 0, pmp, deceased
MK, 2017, utilized, -, num, deceased
MK, 2017, utilized, -, pmp, deceased
MK, 2017, living, 17, num, living
MK, 2017, living, 8.5, pmp, living
MK, 2017, actual, 0, num, deceased
MK, 2017, actual, 0, pmp, deceased
MK, 2017, utilized, -, num, deceased
MK, 2017, utilized, -, pmp, deceased
MK, 2017, living, 17, num, living
MK, 2017, living, 8.5, pmp, living
MK, 2017, actual, 0, num, deceased
MK, 2017, actual, 0, pmp, deceased
MK, 2017, utilized, -, num, deceased
MK, 2017, utilized, -, pmp, deceased
MK, 2017, living, 17, num, living
MK, 2017, living, 8.5, pmp, living
MK, 2017, actual, 0, num, deceased
MK, 2017, actual, 0, pmp, deceased
MK, 2017, utilized, -, num, deceased
MK, 2017, utilized, -, pmp, deceased
MK, 2017, living, 17, num, living
MK, 2017, living, 8.5, pmp, living
MK, 2011, actual, 0, num, deceased
MK, 2011, actual, 0, pmp, deceased
MK, 2011, utilized, -, num, deceased
MK, 2011, utilized, -, pmp, deceased
MK, 2011, living, 8, num, living
MK, 2011, living, 4, pmp, living
MK, 2012, actual, 0, num, deceased
MK, 2012, actual, 0, pmp, deceased
MK, 2012, utilized, -, num, deceased
MK, 2012, utilized, -, pmp, deceased
MK, 2012, living, 28, num, living
MK, 2012, living, 14, pmp, living
MK, 2013, actual, 0, num, deceased
MK, 2013, actual, 0, pmp, deceased
MK, 2013, utilized, -, num, deceased
MK, 2013, utilized, -, pmp, deceased
MK, 2013, living, 38, num, living
MK, 2013, living, 19, pmp, living
MK, 2017, actual, 0, num, deceased
MK, 2017, actual, 0, pmp, deceased
MK, 2017, utilized, -, num, deceased
MK, 2017, utilized, -, pmp, deceased
MK, 2017, living, 17, num, living
MK, 2017, living, 8.5, pmp, living
MK, 2015, actual, 2, num, deceased
MK, 2015, actual, 1, pmp, deceased
MK, 2015, utilized, -, num, deceased
MK, 2015, utilized, -, pmp, deceased
MK, 2015, living, 0, num, living
MK, 2015, living, 0, pmp, living
MK, 2016, actual, 0, num, deceased
MK, 2016, actual, 0, pmp, deceased
MK, 2016, utilized, -, num, deceased
MK, 2016, utilized, -, pmp, deceased
MK, 2016, living, 6, num, living
MK, 2016, living, 2.86, pmp, living
MK, 2017, actual, 0, num, deceased
MK, 2017, actual, 0, pmp, deceased
MK, 2017, utilized, -, num, deceased
MK, 2017, utilized, -, pmp, deceased
MK, 2017, living, 17, num, living
MK, 2017, living, 8.5, pmp, living
MK, 2017, actual, 0, num, deceased
MK, 2017, actual, 0, pmp, deceased
MK, 2017, utilized, -, num, deceased
MK, 2017, utilized, -, pmp, deceased
MK, 2017, living, 17, num, living
MK, 2017, living, 8.5, pmp, living
MY, 2017, actual, 35, num, deceased
MY, 2017, actual, 1.10, pmp, deceased
MY, 2017, utilized, 35, num, deceased
MY, 2017, utilized, 1.10, pmp, deceased
MY, 2017, living, 57, num, living
MY, 2017, living, 1.8, pmp, living
MY, 2017, actual, 35, num, deceased
MY, 2017, actual, 1.10, pmp, deceased
MY, 2017, utilized, 35, num, deceased
MY, 2017, utilized, 1.10, pmp, deceased
MY, 2017, living, 57, num, living
MY, 2017, living, 1.8, pmp, living
MY, 2017, actual, 35, num, deceased
MY, 2017, actual, 1.10, pmp, deceased
MY, 2017, utilized, 35, num, deceased
MY, 2017, utilized, 1.10, pmp, deceased
MY, 2017, living, 57, num, living
MY, 2017, living, 1.8, pmp, living
MY, 2017, actual, 35, num, deceased
MY, 2017, actual, 1.10, pmp, deceased
MY, 2017, utilized, 35, num, deceased
MY, 2017, utilized, 1.10, pmp, deceased
MY, 2017, living, 57, num, living
MY, 2017, living, 1.8, pmp, living
MY, 2017, actual, 35, num, deceased
MY, 2017, actual, 1.10, pmp, deceased
MY, 2017, utilized, 35, num, deceased
MY, 2017, utilized, 1.10, pmp, deceased
MY, 2017, living, 57, num, living
MY, 2017, living, 1.8, pmp, living
MY, 2017, actual, 35, num, deceased
MY, 2017, actual, 1.10, pmp, deceased
MY, 2017, utilized, 35, num, deceased
MY, 2017, utilized, 1.10, pmp, deceased
MY, 2017, living, 57, num, living
MY, 2017, living, 1.8, pmp, living
MY, 2017, actual, 35, num, deceased
MY, 2017, actual, 1.10, pmp, deceased
MY, 2017, utilized, 35, num, deceased
MY, 2017, utilized, 1.10, pmp, deceased
MY, 2017, living, 57, num, living
MY, 2017, living, 1.8, pmp, living
MY, 2017, actual, 35, num, deceased
MY, 2017, actual, 1.10, pmp, deceased
MY, 2017, utilized, 35, num, deceased
MY, 2017, utilized, 1.10, pmp, deceased
MY, 2017, living, 57, num, living
MY, 2017, living, 1.8, pmp, living
MY, 2001, actual, 20, num, deceased
MY, 2001, actual, 0.8, pmp, deceased
MY, 2001, utilized, -, num, deceased
MY, 2001, utilized, -, pmp, deceased
MY, 2001, living, 0, num, living
MY, 2001, living, 0, pmp, living
MY, 2002, actual, 13, num, deceased
MY, 2002, actual, 0.5, pmp, deceased
MY, 2002, utilized, -, num, deceased
MY, 2002, utilized, -, pmp, deceased
MY, 2002, living, 33, num, living
MY, 2002, living, 1.40, pmp, living
MY, 2003, actual, 8, num, deceased
MY, 2003, actual, 0.3, pmp, deceased
MY, 2003, utilized, -, num, deceased
MY, 2003, utilized, -, pmp, deceased
MY, 2003, living, 26, num, living
MY, 2003, living, 1, pmp, living
MY, 2004, actual, 9, num, deceased
MY, 2004, actual, 0.3, pmp, deceased
MY, 2004, utilized, -, num, deceased
MY, 2004, utilized, -, pmp, deceased
MY, 2004, living, 32, num, living
MY, 2004, living, 1.30, pmp, living
MY, 2005, actual, 5, num, deceased
MY, 2005, actual, 0.2, pmp, deceased
MY, 2005, utilized, -, num, deceased
MY, 2005, utilized, -, pmp, deceased
MY, 2005, living, 37, num, living
MY, 2005, living, 1.40, pmp, living
MY, 2006, actual, 13, num, deceased
MY, 2006, actual, 0.5, pmp, deceased
MY, 2006, utilized, -, num, deceased
MY, 2006, utilized, -, pmp, deceased
MY, 2006, living, 29, num, living
MY, 2006, living, 1.09, pmp, living
MY, 2007, actual, 14, num, deceased
MY, 2007, actual, 0.5, pmp, deceased
MY, 2007, utilized, -, num, deceased
MY, 2007, utilized, -, pmp, deceased
MY, 2007, living, 44, num, living
MY, 2007, living, 1.60, pmp, living
MY, 2008, actual, 14, num, deceased
MY, 2008, actual, 0.5, pmp, deceased
MY, 2008, utilized, -, num, deceased
MY, 2008, utilized, -, pmp, deceased
MY, 2008, living, 33, num, living
MY, 2008, living, 1.20, pmp, living
MY, 2009, actual, 18, num, deceased
MY, 2009, actual, 0.7, pmp, deceased
MY, 2009, utilized, -, num, deceased
MY, 2009, utilized, -, pmp, deceased
MY, 2009, living, 35, num, living
MY, 2009, living, 1.30, pmp, living
MY, 2010, actual, 18, num, deceased
MY, 2010, actual, 0.7, pmp, deceased
MY, 2010, utilized, -, num, deceased
MY, 2010, utilized, -, pmp, deceased
MY, 2010, living, 35, num, living
MY, 2010, living, 1.30, pmp, living
MY, 2017, actual, 35, num, deceased
MY, 2017, actual, 1.10, pmp, deceased
MY, 2017, utilized, 35, num, deceased
MY, 2017, utilized, 1.10, pmp, deceased
MY, 2017, living, 57, num, living
MY, 2017, living, 1.8, pmp, living
MY, 2012, actual, 18, num, deceased
MY, 2012, actual, 0.64, pmp, deceased
MY, 2012, utilized, -, num, deceased
MY, 2012, utilized, -, pmp, deceased
MY, 2012, living, 52, num, living
MY, 2012, living, 1.84, pmp, living
MY, 2013, actual, 15, num, deceased
MY, 2013, actual, 0.5, pmp, deceased
MY, 2013, utilized, 13, num, deceased
MY, 2013, utilized, 0.43, pmp, deceased
MY, 2013, living, 56, num, living
MY, 2013, living, 1.87, pmp, living
MY, 2017, actual, 35, num, deceased
MY, 2017, actual, 1.10, pmp, deceased
MY, 2017, utilized, 35, num, deceased
MY, 2017, utilized, 1.10, pmp, deceased
MY, 2017, living, 57, num, living
MY, 2017, living, 1.8, pmp, living
MY, 2015, actual, 30, num, deceased
MY, 2015, actual, 1, pmp, deceased
MY, 2015, utilized, -, num, deceased
MY, 2015, utilized, -, pmp, deceased
MY, 2015, living, 0, num, living
MY, 2015, living, 0, pmp, living
MY, 2016, actual, 6, num, deceased
MY, 2016, actual, 0.19, pmp, deceased
MY, 2016, utilized, -, num, deceased
MY, 2016, utilized, -, pmp, deceased
MY, 2016, living, 39, num, living
MY, 2016, living, 1.27, pmp, living
MY, 2017, actual, 35, num, deceased
MY, 2017, actual, 1.10, pmp, deceased
MY, 2017, utilized, 35, num, deceased
MY, 2017, utilized, 1.10, pmp, deceased
MY, 2017, living, 57, num, living
MY, 2017, living, 1.8, pmp, living
MY, 2017, actual, 35, num, deceased
MY, 2017, actual, 1.10, pmp, deceased
MY, 2017, utilized, 35, num, deceased
MY, 2017, utilized, 1.10, pmp, deceased
MY, 2017, living, 57, num, living
MY, 2017, living, 1.8, pmp, living
MX, 2017, actual, 558, num, deceased
MX, 2017, actual, 4.5, pmp, deceased
MX, 2017, utilized, 509, num, deceased
MX, 2017, utilized, 3.96, pmp, deceased
MX, 2017, living, 2249, num, living
MX, 2017, living, 18, pmp, living
MX, 2017, actual, 558, num, deceased
MX, 2017, actual, 4.5, pmp, deceased
MX, 2017, utilized, 509, num, deceased
MX, 2017, utilized, 3.96, pmp, deceased
MX, 2017, living, 2249, num, living
MX, 2017, living, 18, pmp, living
MX, 2017, actual, 558, num, deceased
MX, 2017, actual, 4.5, pmp, deceased
MX, 2017, utilized, 509, num, deceased
MX, 2017, utilized, 3.96, pmp, deceased
MX, 2017, living, 2249, num, living
MX, 2017, living, 18, pmp, living
MX, 2017, actual, 558, num, deceased
MX, 2017, actual, 4.5, pmp, deceased
MX, 2017, utilized, 509, num, deceased
MX, 2017, utilized, 3.96, pmp, deceased
MX, 2017, living, 2249, num, living
MX, 2017, living, 18, pmp, living
MX, 2017, actual, 558, num, deceased
MX, 2017, actual, 4.5, pmp, deceased
MX, 2017, utilized, 509, num, deceased
MX, 2017, utilized, 3.96, pmp, deceased
MX, 2017, living, 2249, num, living
MX, 2017, living, 18, pmp, living
MX, 2017, actual, 558, num, deceased
MX, 2017, actual, 4.5, pmp, deceased
MX, 2017, utilized, 509, num, deceased
MX, 2017, utilized, 3.96, pmp, deceased
MX, 2017, living, 2249, num, living
MX, 2017, living, 18, pmp, living
MX, 2017, actual, 558, num, deceased
MX, 2017, actual, 4.5, pmp, deceased
MX, 2017, utilized, 509, num, deceased
MX, 2017, utilized, 3.96, pmp, deceased
MX, 2017, living, 2249, num, living
MX, 2017, living, 18, pmp, living
MX, 2017, actual, 558, num, deceased
MX, 2017, actual, 4.5, pmp, deceased
MX, 2017, utilized, 509, num, deceased
MX, 2017, utilized, 3.96, pmp, deceased
MX, 2017, living, 2249, num, living
MX, 2017, living, 18, pmp, living
MX, 2017, actual, 558, num, deceased
MX, 2017, actual, 4.5, pmp, deceased
MX, 2017, utilized, 509, num, deceased
MX, 2017, utilized, 3.96, pmp, deceased
MX, 2017, living, 2249, num, living
MX, 2017, living, 18, pmp, living
MX, 2017, actual, 558, num, deceased
MX, 2017, actual, 4.5, pmp, deceased
MX, 2017, utilized, 509, num, deceased
MX, 2017, utilized, 3.96, pmp, deceased
MX, 2017, living, 2249, num, living
MX, 2017, living, 18, pmp, living
MX, 2017, actual, 558, num, deceased
MX, 2017, actual, 4.5, pmp, deceased
MX, 2017, utilized, 509, num, deceased
MX, 2017, utilized, 3.96, pmp, deceased
MX, 2017, living, 2249, num, living
MX, 2017, living, 18, pmp, living
MX, 2017, actual, 558, num, deceased
MX, 2017, actual, 4.5, pmp, deceased
MX, 2017, utilized, 509, num, deceased
MX, 2017, utilized, 3.96, pmp, deceased
MX, 2017, living, 2249, num, living
MX, 2017, living, 18, pmp, living
MX, 2005, actual, 303, num, deceased
MX, 2005, actual, 2.9, pmp, deceased
MX, 2005, utilized, -, num, deceased
MX, 2005, utilized, -, pmp, deceased
MX, 2005, living, 1452, num, living
MX, 2005, living, 13.90, pmp, living
MX, 2006, actual, 324, num, deceased
MX, 2006, actual, 3, pmp, deceased
MX, 2006, utilized, -, num, deceased
MX, 2006, utilized, -, pmp, deceased
MX, 2006, living, 1434, num, living
MX, 2006, living, 13.60, pmp, living
MX, 2007, actual, 342, num, deceased
MX, 2007, actual, 3.23, pmp, deceased
MX, 2007, utilized, -, num, deceased
MX, 2007, utilized, -, pmp, deceased
MX, 2007, living, 1482, num, living
MX, 2007, living, 14, pmp, living
MX, 2008, actual, 332, num, deceased
MX, 2008, actual, 3.10, pmp, deceased
MX, 2008, utilized, -, num, deceased
MX, 2008, utilized, -, pmp, deceased
MX, 2008, living, 1757, num, living
MX, 2008, living, 16.5, pmp, living
MX, 2009, actual, 312, num, deceased
MX, 2009, actual, 2.9, pmp, deceased
MX, 2009, utilized, -, num, deceased
MX, 2009, utilized, -, pmp, deceased
MX, 2009, living, 1791, num, living
MX, 2009, living, 16.90, pmp, living
MX, 2010, actual, 224, num, deceased
MX, 2010, actual, 2, pmp, deceased
MX, 2010, utilized, -, num, deceased
MX, 2010, utilized, -, pmp, deceased
MX, 2010, living, 1791, num, living
MX, 2010, living, 15.99, pmp, living
MX, 2011, actual, 355, num, deceased
MX, 2011, actual, 3.09, pmp, deceased
MX, 2011, utilized, -, num, deceased
MX, 2011, utilized, -, pmp, deceased
MX, 2011, living, 1895, num, living
MX, 2011, living, 16.5, pmp, living
MX, 2012, actual, 413, num, deceased
MX, 2012, actual, 3.53, pmp, deceased
MX, 2012, utilized, -, num, deceased
MX, 2012, utilized, -, pmp, deceased
MX, 2012, living, 1961, num, living
MX, 2012, living, 16.76, pmp, living
MX, 2013, actual, 438, num, deceased
MX, 2013, actual, 3.71, pmp, deceased
MX, 2013, utilized, 438, num, deceased
MX, 2013, utilized, 3.71, pmp, deceased
MX, 2013, living, 1968, num, living
MX, 2013, living, 16.67, pmp, living
MX, 2017, actual, 558, num, deceased
MX, 2017, actual, 4.5, pmp, deceased
MX, 2017, utilized, 509, num, deceased
MX, 2017, utilized, 3.96, pmp, deceased
MX, 2017, living, 2249, num, living
MX, 2017, living, 18, pmp, living
MX, 2015, actual, 446, num, deceased
MX, 2015, actual, 3.5, pmp, deceased
MX, 2015, utilized, -, num, deceased
MX, 2015, utilized, -, pmp, deceased
MX, 2015, living, 0, num, living
MX, 2015, living, 0, pmp, living
MX, 2016, actual, 470, num, deceased
MX, 2016, actual, 3.65, pmp, deceased
MX, 2016, utilized, -, num, deceased
MX, 2016, utilized, -, pmp, deceased
MX, 2016, living, 2123, num, living
MX, 2016, living, 16.5, pmp, living
MX, 2017, actual, 558, num, deceased
MX, 2017, actual, 4.5, pmp, deceased
MX, 2017, utilized, 509, num, deceased
MX, 2017, utilized, 3.96, pmp, deceased
MX, 2017, living, 2249, num, living
MX, 2017, living, 18, pmp, living
MX, 2017, actual, 558, num, deceased
MX, 2017, actual, 4.5, pmp, deceased
MX, 2017, utilized, 509, num, deceased
MX, 2017, utilized, 3.96, pmp, deceased
MX, 2017, living, 2249, num, living
MX, 2017, living, 18, pmp, living
MD, 2017, actual, 16, num, deceased
MD, 2017, actual, 4.5, pmp, deceased
MD, 2017, utilized, 14, num, deceased
MD, 2017, utilized, 3.9, pmp, deceased
MD, 2017, living, 3, num, living
MD, 2017, living, 0.8, pmp, living
MD, 2017, actual, 16, num, deceased
MD, 2017, actual, 4.5, pmp, deceased
MD, 2017, utilized, 14, num, deceased
MD, 2017, utilized, 3.9, pmp, deceased
MD, 2017, living, 3, num, living
MD, 2017, living, 0.8, pmp, living
MD, 2017, actual, 16, num, deceased
MD, 2017, actual, 4.5, pmp, deceased
MD, 2017, utilized, 14, num, deceased
MD, 2017, utilized, 3.9, pmp, deceased
MD, 2017, living, 3, num, living
MD, 2017, living, 0.8, pmp, living
MD, 1996, actual, 4, num, deceased
MD, 1996, actual, 0, pmp, deceased
MD, 1996, utilized, -, num, deceased
MD, 1996, utilized, -, pmp, deceased
MD, 1996, living, 0, num, living
MD, 1996, living, 0, pmp, living
MD, 1997, actual, 5, num, deceased
MD, 1997, actual, 0, pmp, deceased
MD, 1997, utilized, -, num, deceased
MD, 1997, utilized, -, pmp, deceased
MD, 1997, living, 0, num, living
MD, 1997, living, 0, pmp, living
MD, 1998, actual, 8, num, deceased
MD, 1998, actual, 0, pmp, deceased
MD, 1998, utilized, -, num, deceased
MD, 1998, utilized, -, pmp, deceased
MD, 1998, living, 0, num, living
MD, 1998, living, 0, pmp, living
MD, 1999, actual, 5, num, deceased
MD, 1999, actual, 0, pmp, deceased
MD, 1999, utilized, -, num, deceased
MD, 1999, utilized, -, pmp, deceased
MD, 1999, living, 0, num, living
MD, 1999, living, 0, pmp, living
MD, 2000, actual, 3, num, deceased
MD, 2000, actual, 0, pmp, deceased
MD, 2000, utilized, -, num, deceased
MD, 2000, utilized, -, pmp, deceased
MD, 2000, living, 0, num, living
MD, 2000, living, 0, pmp, living
MD, 2001, actual, 4, num, deceased
MD, 2001, actual, 1, pmp, deceased
MD, 2001, utilized, -, num, deceased
MD, 2001, utilized, -, pmp, deceased
MD, 2001, living, 0, num, living
MD, 2001, living, 0, pmp, living
MD, 2002, actual, 4, num, deceased
MD, 2002, actual, 0.9, pmp, deceased
MD, 2002, utilized, -, num, deceased
MD, 2002, utilized, -, pmp, deceased
MD, 2002, living, 4, num, living
MD, 2002, living, 0.9, pmp, living
MD, 2003, actual, 4, num, deceased
MD, 2003, actual, 0.9, pmp, deceased
MD, 2003, utilized, -, num, deceased
MD, 2003, utilized, -, pmp, deceased
MD, 2003, living, 1, num, living
MD, 2003, living, 0.2, pmp, living
MD, 2017, actual, 16, num, deceased
MD, 2017, actual, 4.5, pmp, deceased
MD, 2017, utilized, 14, num, deceased
MD, 2017, utilized, 3.9, pmp, deceased
MD, 2017, living, 3, num, living
MD, 2017, living, 0.8, pmp, living
MD, 2005, actual, 0, num, deceased
MD, 2005, actual, 0, pmp, deceased
MD, 2005, utilized, -, num, deceased
MD, 2005, utilized, -, pmp, deceased
MD, 2005, living, 1, num, living
MD, 2005, living, 0.3, pmp, living
MD, 2006, actual, 0, num, deceased
MD, 2006, actual, 0, pmp, deceased
MD, 2006, utilized, -, num, deceased
MD, 2006, utilized, -, pmp, deceased
MD, 2006, living, 2, num, living
MD, 2006, living, 0.6, pmp, living
MD, 2007, actual, 0, num, deceased
MD, 2007, actual, 0, pmp, deceased
MD, 2007, utilized, -, num, deceased
MD, 2007, utilized, -, pmp, deceased
MD, 2007, living, 2, num, living
MD, 2007, living, 0.6, pmp, living
MD, 2017, actual, 16, num, deceased
MD, 2017, actual, 4.5, pmp, deceased
MD, 2017, utilized, 14, num, deceased
MD, 2017, utilized, 3.9, pmp, deceased
MD, 2017, living, 3, num, living
MD, 2017, living, 0.8, pmp, living
MD, 2017, actual, 16, num, deceased
MD, 2017, actual, 4.5, pmp, deceased
MD, 2017, utilized, 14, num, deceased
MD, 2017, utilized, 3.9, pmp, deceased
MD, 2017, living, 3, num, living
MD, 2017, living, 0.8, pmp, living
MD, 2017, actual, 16, num, deceased
MD, 2017, actual, 4.5, pmp, deceased
MD, 2017, utilized, 14, num, deceased
MD, 2017, utilized, 3.9, pmp, deceased
MD, 2017, living, 3, num, living
MD, 2017, living, 0.8, pmp, living
MD, 2017, actual, 16, num, deceased
MD, 2017, actual, 4.5, pmp, deceased
MD, 2017, utilized, 14, num, deceased
MD, 2017, utilized, 3.9, pmp, deceased
MD, 2017, living, 3, num, living
MD, 2017, living, 0.8, pmp, living
MD, 2012, actual, 0, num, deceased
MD, 2012, actual, 0, pmp, deceased
MD, 2012, utilized, -, num, deceased
MD, 2012, utilized, -, pmp, deceased
MD, 2012, living, 4, num, living
MD, 2012, living, 1.20, pmp, living
MD, 2013, actual, 0, num, deceased
MD, 2013, actual, 0, pmp, deceased
MD, 2013, utilized, -, num, deceased
MD, 2013, utilized, -, pmp, deceased
MD, 2013, living, 9, num, living
MD, 2013, living, 2.53, pmp, living
MD, 2017, actual, 16, num, deceased
MD, 2017, actual, 4.5, pmp, deceased
MD, 2017, utilized, 14, num, deceased
MD, 2017, utilized, 3.9, pmp, deceased
MD, 2017, living, 3, num, living
MD, 2017, living, 0.8, pmp, living
MD, 2015, actual, 4, num, deceased
MD, 2015, actual, 1, pmp, deceased
MD, 2015, utilized, -, num, deceased
MD, 2015, utilized, -, pmp, deceased
MD, 2015, living, 0, num, living
MD, 2015, living, 0, pmp, living
MD, 2016, actual, 13, num, deceased
MD, 2016, actual, 3.17, pmp, deceased
MD, 2016, utilized, -, num, deceased
MD, 2016, utilized, -, pmp, deceased
MD, 2016, living, 9, num, living
MD, 2016, living, 2.19, pmp, living
MD, 2017, actual, 16, num, deceased
MD, 2017, actual, 4.5, pmp, deceased
MD, 2017, utilized, 14, num, deceased
MD, 2017, utilized, 3.9, pmp, deceased
MD, 2017, living, 3, num, living
MD, 2017, living, 0.8, pmp, living
MD, 2017, actual, 16, num, deceased
MD, 2017, actual, 4.5, pmp, deceased
MD, 2017, utilized, 14, num, deceased
MD, 2017, utilized, 3.9, pmp, deceased
MD, 2017, living, 3, num, living
MD, 2017, living, 0.8, pmp, living
MA, 2011, actual, 3, num, deceased
MA, 2011, actual, 0.09, pmp, deceased
MA, 2011, utilized, -, num, deceased
MA, 2011, utilized, -, pmp, deceased
MA, 2011, living, 14, num, living
MA, 2011, living, 0.4, pmp, living
MA, 2011, actual, 3, num, deceased
MA, 2011, actual, 0.09, pmp, deceased
MA, 2011, utilized, -, num, deceased
MA, 2011, utilized, -, pmp, deceased
MA, 2011, living, 14, num, living
MA, 2011, living, 0.4, pmp, living
MA, 2011, actual, 3, num, deceased
MA, 2011, actual, 0.09, pmp, deceased
MA, 2011, utilized, -, num, deceased
MA, 2011, utilized, -, pmp, deceased
MA, 2011, living, 14, num, living
MA, 2011, living, 0.4, pmp, living
MA, 2011, actual, 3, num, deceased
MA, 2011, actual, 0.09, pmp, deceased
MA, 2011, utilized, -, num, deceased
MA, 2011, utilized, -, pmp, deceased
MA, 2011, living, 14, num, living
MA, 2011, living, 0.4, pmp, living
MA, 2011, actual, 3, num, deceased
MA, 2011, actual, 0.09, pmp, deceased
MA, 2011, utilized, -, num, deceased
MA, 2011, utilized, -, pmp, deceased
MA, 2011, living, 14, num, living
MA, 2011, living, 0.4, pmp, living
MA, 2011, actual, 3, num, deceased
MA, 2011, actual, 0.09, pmp, deceased
MA, 2011, utilized, -, num, deceased
MA, 2011, utilized, -, pmp, deceased
MA, 2011, living, 14, num, living
MA, 2011, living, 0.4, pmp, living
MA, 2011, actual, 3, num, deceased
MA, 2011, actual, 0.09, pmp, deceased
MA, 2011, utilized, -, num, deceased
MA, 2011, utilized, -, pmp, deceased
MA, 2011, living, 14, num, living
MA, 2011, living, 0.4, pmp, living
MA, 2011, actual, 3, num, deceased
MA, 2011, actual, 0.09, pmp, deceased
MA, 2011, utilized, -, num, deceased
MA, 2011, utilized, -, pmp, deceased
MA, 2011, living, 14, num, living
MA, 2011, living, 0.4, pmp, living
MA, 2011, actual, 3, num, deceased
MA, 2011, actual, 0.09, pmp, deceased
MA, 2011, utilized, -, num, deceased
MA, 2011, utilized, -, pmp, deceased
MA, 2011, living, 14, num, living
MA, 2011, living, 0.4, pmp, living
MA, 2011, actual, 3, num, deceased
MA, 2011, actual, 0.09, pmp, deceased
MA, 2011, utilized, -, num, deceased
MA, 2011, utilized, -, pmp, deceased
MA, 2011, living, 14, num, living
MA, 2011, living, 0.4, pmp, living
MA, 2011, actual, 3, num, deceased
MA, 2011, actual, 0.09, pmp, deceased
MA, 2011, utilized, -, num, deceased
MA, 2011, utilized, -, pmp, deceased
MA, 2011, living, 14, num, living
MA, 2011, living, 0.4, pmp, living
MA, 2004, actual, 0, num, deceased
MA, 2004, actual, 0, pmp, deceased
MA, 2004, utilized, -, num, deceased
MA, 2004, utilized, -, pmp, deceased
MA, 2004, living, 17, num, living
MA, 2004, living, 0.6, pmp, living
MA, 2005, actual, 0, num, deceased
MA, 2005, actual, 0, pmp, deceased
MA, 2005, utilized, -, num, deceased
MA, 2005, utilized, -, pmp, deceased
MA, 2005, living, 10, num, living
MA, 2005, living, 0.3, pmp, living
MA, 2011, actual, 3, num, deceased
MA, 2011, actual, 0.09, pmp, deceased
MA, 2011, utilized, -, num, deceased
MA, 2011, utilized, -, pmp, deceased
MA, 2011, living, 14, num, living
MA, 2011, living, 0.4, pmp, living
MA, 2011, actual, 3, num, deceased
MA, 2011, actual, 0.09, pmp, deceased
MA, 2011, utilized, -, num, deceased
MA, 2011, utilized, -, pmp, deceased
MA, 2011, living, 14, num, living
MA, 2011, living, 0.4, pmp, living
MA, 2011, actual, 3, num, deceased
MA, 2011, actual, 0.09, pmp, deceased
MA, 2011, utilized, -, num, deceased
MA, 2011, utilized, -, pmp, deceased
MA, 2011, living, 14, num, living
MA, 2011, living, 0.4, pmp, living
MA, 2011, actual, 3, num, deceased
MA, 2011, actual, 0.09, pmp, deceased
MA, 2011, utilized, -, num, deceased
MA, 2011, utilized, -, pmp, deceased
MA, 2011, living, 14, num, living
MA, 2011, living, 0.4, pmp, living
MA, 2011, actual, 3, num, deceased
MA, 2011, actual, 0.09, pmp, deceased
MA, 2011, utilized, -, num, deceased
MA, 2011, utilized, -, pmp, deceased
MA, 2011, living, 14, num, living
MA, 2011, living, 0.4, pmp, living
MA, 2011, actual, 3, num, deceased
MA, 2011, actual, 0.09, pmp, deceased
MA, 2011, utilized, -, num, deceased
MA, 2011, utilized, -, pmp, deceased
MA, 2011, living, 14, num, living
MA, 2011, living, 0.4, pmp, living
MA, 2011, actual, 3, num, deceased
MA, 2011, actual, 0.09, pmp, deceased
MA, 2011, utilized, -, num, deceased
MA, 2011, utilized, -, pmp, deceased
MA, 2011, living, 14, num, living
MA, 2011, living, 0.4, pmp, living
MA, 2011, actual, 3, num, deceased
MA, 2011, actual, 0.09, pmp, deceased
MA, 2011, utilized, -, num, deceased
MA, 2011, utilized, -, pmp, deceased
MA, 2011, living, 14, num, living
MA, 2011, living, 0.4, pmp, living
MA, 2011, actual, 3, num, deceased
MA, 2011, actual, 0.09, pmp, deceased
MA, 2011, utilized, -, num, deceased
MA, 2011, utilized, -, pmp, deceased
MA, 2011, living, 14, num, living
MA, 2011, living, 0.4, pmp, living
MA, 2011, actual, 3, num, deceased
MA, 2011, actual, 0.09, pmp, deceased
MA, 2011, utilized, -, num, deceased
MA, 2011, utilized, -, pmp, deceased
MA, 2011, living, 14, num, living
MA, 2011, living, 0.4, pmp, living
MA, 2011, actual, 3, num, deceased
MA, 2011, actual, 0.09, pmp, deceased
MA, 2011, utilized, -, num, deceased
MA, 2011, utilized, -, pmp, deceased
MA, 2011, living, 14, num, living
MA, 2011, living, 0.4, pmp, living
MA, 2011, actual, 3, num, deceased
MA, 2011, actual, 0.09, pmp, deceased
MA, 2011, utilized, -, num, deceased
MA, 2011, utilized, -, pmp, deceased
MA, 2011, living, 14, num, living
MA, 2011, living, 0.4, pmp, living
MA, 2011, actual, 3, num, deceased
MA, 2011, actual, 0.09, pmp, deceased
MA, 2011, utilized, -, num, deceased
MA, 2011, utilized, -, pmp, deceased
MA, 2011, living, 14, num, living
MA, 2011, living, 0.4, pmp, living
NL, 1993, actual, 221, num, deceased
NL, 1993, actual, 14.5, pmp, deceased
NL, 1993, utilized, -, num, deceased
NL, 1993, utilized, -, pmp, deceased
NL, 1993, living, 56, num, living
NL, 1993, living, 3.70, pmp, living
NL, 1994, actual, 196, num, deceased
NL, 1994, actual, 13, pmp, deceased
NL, 1994, utilized, -, num, deceased
NL, 1994, utilized, -, pmp, deceased
NL, 1994, living, 66, num, living
NL, 1994, living, 4.40, pmp, living
NL, 1995, actual, 229, num, deceased
NL, 1995, actual, 15.20, pmp, deceased
NL, 1995, utilized, -, num, deceased
NL, 1995, utilized, -, pmp, deceased
NL, 1995, living, 97, num, living
NL, 1995, living, 6.40, pmp, living
NL, 1996, actual, 225, num, deceased
NL, 1996, actual, 15, pmp, deceased
NL, 1996, utilized, -, num, deceased
NL, 1996, utilized, -, pmp, deceased
NL, 1996, living, 81, num, living
NL, 1996, living, 5.40, pmp, living
NL, 1997, actual, 217, num, deceased
NL, 1997, actual, 14.40, pmp, deceased
NL, 1997, utilized, -, num, deceased
NL, 1997, utilized, -, pmp, deceased
NL, 1997, living, 91, num, living
NL, 1997, living, 6, pmp, living
NL, 1998, actual, 196, num, deceased
NL, 1998, actual, 13, pmp, deceased
NL, 1998, utilized, -, num, deceased
NL, 1998, utilized, -, pmp, deceased
NL, 1998, living, 108, num, living
NL, 1998, living, 7.20, pmp, living
NL, 1999, actual, 165, num, deceased
NL, 1999, actual, 10.30, pmp, deceased
NL, 1999, utilized, -, num, deceased
NL, 1999, utilized, -, pmp, deceased
NL, 1999, living, 134, num, living
NL, 1999, living, 8.30, pmp, living
NL, 2000, actual, 202, num, deceased
NL, 2000, actual, 12.60, pmp, deceased
NL, 2000, utilized, -, num, deceased
NL, 2000, utilized, -, pmp, deceased
NL, 2000, living, 173, num, living
NL, 2000, living, 10.80, pmp, living
NL, 2001, actual, 187, num, deceased
NL, 2001, actual, 11.60, pmp, deceased
NL, 2001, utilized, -, num, deceased
NL, 2001, utilized, -, pmp, deceased
NL, 2001, living, 166, num, living
NL, 2001, living, 10.30, pmp, living
NL, 2002, actual, 202, num, deceased
NL, 2002, actual, 12.60, pmp, deceased
NL, 2002, utilized, -, num, deceased
NL, 2002, utilized, -, pmp, deceased
NL, 2002, living, 199, num, living
NL, 2002, living, 12.40, pmp, living
NL, 2003, actual, 223, num, deceased
NL, 2003, actual, 13.60, pmp, deceased
NL, 2003, utilized, -, num, deceased
NL, 2003, utilized, -, pmp, deceased
NL, 2003, living, 203, num, living
NL, 2003, living, 12.5, pmp, living
NL, 2004, actual, 228, num, deceased
NL, 2004, actual, 13.90, pmp, deceased
NL, 2004, utilized, -, num, deceased
NL, 2004, utilized, -, pmp, deceased
NL, 2004, living, 253, num, living
NL, 2004, living, 15.5, pmp, living
NL, 2005, actual, 217, num, deceased
NL, 2005, actual, 13.30, pmp, deceased
NL, 2005, utilized, -, num, deceased
NL, 2005, utilized, -, pmp, deceased
NL, 2005, living, 279, num, living
NL, 2005, living, 17.10, pmp, living
NL, 2006, actual, 200, num, deceased
NL, 2006, actual, 12.30, pmp, deceased
NL, 2006, utilized, -, num, deceased
NL, 2006, utilized, -, pmp, deceased
NL, 2006, living, 283, num, living
NL, 2006, living, 17.30, pmp, living
NL, 2007, actual, 257, num, deceased
NL, 2007, actual, 15.70, pmp, deceased
NL, 2007, utilized, -, num, deceased
NL, 2007, utilized, -, pmp, deceased
NL, 2007, living, 363, num, living
NL, 2007, living, 22.20, pmp, living
NL, 2008, actual, 201, num, deceased
NL, 2008, actual, 12.30, pmp, deceased
NL, 2008, utilized, -, num, deceased
NL, 2008, utilized, -, pmp, deceased
NL, 2008, living, 415, num, living
NL, 2008, living, 25.40, pmp, living
NL, 2009, actual, 215, num, deceased
NL, 2009, actual, 13, pmp, deceased
NL, 2009, utilized, -, num, deceased
NL, 2009, utilized, -, pmp, deceased
NL, 2009, living, 420, num, living
NL, 2009, living, 25.5, pmp, living
NL, 2010, actual, 216, num, deceased
NL, 2010, actual, 13, pmp, deceased
NL, 2010, utilized, -, num, deceased
NL, 2010, utilized, -, pmp, deceased
NL, 2010, living, 478, num, living
NL, 2010, living, 28.80, pmp, living
NL, 2011, actual, 221, num, deceased
NL, 2011, actual, 13.23, pmp, deceased
NL, 2011, utilized, -, num, deceased
NL, 2011, utilized, -, pmp, deceased
NL, 2011, living, 452, num, living
NL, 2011, living, 27.10, pmp, living
NL, 2012, actual, 252, num, deceased
NL, 2012, actual, 15.08, pmp, deceased
NL, 2012, utilized, -, num, deceased
NL, 2012, utilized, -, pmp, deceased
NL, 2012, living, 490, num, living
NL, 2012, living, 29.32, pmp, living
NL, 2013, actual, 255, num, deceased
NL, 2013, actual, 15.26, pmp, deceased
NL, 2013, utilized, -, num, deceased
NL, 2013, utilized, -, pmp, deceased
NL, 2013, living, 522, num, living
NL, 2013, living, 31.24, pmp, living
NL, 2014, actual, 271, num, deceased
NL, 2014, actual, 16.10, pmp, deceased
NL, 2014, utilized, -, num, deceased
NL, 2014, utilized, -, pmp, deceased
NL, 2014, living, 537, num, living
NL, 2014, living, 32.10, pmp, living
NL, 2015, actual, 265, num, deceased
NL, 2015, actual, 15.70, pmp, deceased
NL, 2015, utilized, 265, num, deceased
NL, 2015, utilized, 15.70, pmp, deceased
NL, 2015, living, 516, num, living
NL, 2015, living, 30.89, pmp, living
NL, 2016, actual, 250, num, deceased
NL, 2016, actual, 14.71, pmp, deceased
NL, 2016, utilized, -, num, deceased
NL, 2016, utilized, -, pmp, deceased
NL, 2016, living, 577, num, living
NL, 2016, living, 33.94, pmp, living
NL, 2017, actual, 258, num, deceased
NL, 2017, actual, 15.18, pmp, deceased
NL, 2017, utilized, 244, num, deceased
NL, 2017, utilized, 14.41, pmp, deceased
NL, 2017, living, 558, num, living
NL, 2017, living, 32.96, pmp, living
NL, 2017, actual, 258, num, deceased
NL, 2017, actual, 15.18, pmp, deceased
NL, 2017, utilized, 244, num, deceased
NL, 2017, utilized, 14.41, pmp, deceased
NL, 2017, living, 558, num, living
NL, 2017, living, 32.96, pmp, living
NZ, 1993, actual, 34, num, deceased
NZ, 1993, actual, 9.5, pmp, deceased
NZ, 1993, utilized, -, num, deceased
NZ, 1993, utilized, -, pmp, deceased
NZ, 1993, living, 20, num, living
NZ, 1993, living, 5.5, pmp, living
NZ, 1994, actual, 35, num, deceased
NZ, 1994, actual, 9.40, pmp, deceased
NZ, 1994, utilized, -, num, deceased
NZ, 1994, utilized, -, pmp, deceased
NZ, 1994, living, 20, num, living
NZ, 1994, living, 5.5, pmp, living
NZ, 1995, actual, 35, num, deceased
NZ, 1995, actual, 9.5, pmp, deceased
NZ, 1995, utilized, -, num, deceased
NZ, 1995, utilized, -, pmp, deceased
NZ, 1995, living, 24, num, living
NZ, 1995, living, 6.5, pmp, living
NZ, 1996, actual, 36, num, deceased
NZ, 1996, actual, 9.60, pmp, deceased
NZ, 1996, utilized, -, num, deceased
NZ, 1996, utilized, -, pmp, deceased
NZ, 1996, living, 26, num, living
NZ, 1996, living, 6.90, pmp, living
NZ, 1997, actual, 42, num, deceased
NZ, 1997, actual, 11.10, pmp, deceased
NZ, 1997, utilized, -, num, deceased
NZ, 1997, utilized, -, pmp, deceased
NZ, 1997, living, 31, num, living
NZ, 1997, living, 8.10, pmp, living
NZ, 1998, actual, 46, num, deceased
NZ, 1998, actual, 12, pmp, deceased
NZ, 1998, utilized, -, num, deceased
NZ, 1998, utilized, -, pmp, deceased
NZ, 1998, living, 31, num, living
NZ, 1998, living, 8.10, pmp, living
NZ, 1999, actual, 39, num, deceased
NZ, 1999, actual, 10.20, pmp, deceased
NZ, 1999, utilized, -, num, deceased
NZ, 1999, utilized, -, pmp, deceased
NZ, 1999, living, 42, num, living
NZ, 1999, living, 10.90, pmp, living
NZ, 2000, actual, 41, num, deceased
NZ, 2000, actual, 10.60, pmp, deceased
NZ, 2000, utilized, -, num, deceased
NZ, 2000, utilized, -, pmp, deceased
NZ, 2000, living, 31, num, living
NZ, 2000, living, 8, pmp, living
NZ, 2001, actual, 37, num, deceased
NZ, 2001, actual, 9.5, pmp, deceased
NZ, 2001, utilized, -, num, deceased
NZ, 2001, utilized, -, pmp, deceased
NZ, 2001, living, 43, num, living
NZ, 2001, living, 9.5, pmp, living
NZ, 2002, actual, 38, num, deceased
NZ, 2002, actual, 9.60, pmp, deceased
NZ, 2002, utilized, -, num, deceased
NZ, 2002, utilized, -, pmp, deceased
NZ, 2002, living, 48, num, living
NZ, 2002, living, 12.10, pmp, living
NZ, 2003, actual, 40, num, deceased
NZ, 2003, actual, 9.90, pmp, deceased
NZ, 2003, utilized, -, num, deceased
NZ, 2003, utilized, -, pmp, deceased
NZ, 2003, living, 44, num, living
NZ, 2003, living, 10.90, pmp, living
NZ, 2004, actual, 40, num, deceased
NZ, 2004, actual, 9.80, pmp, deceased
NZ, 2004, utilized, -, num, deceased
NZ, 2004, utilized, -, pmp, deceased
NZ, 2004, living, 48, num, living
NZ, 2004, living, 11.70, pmp, living
NZ, 2005, actual, 29, num, deceased
NZ, 2005, actual, 7, pmp, deceased
NZ, 2005, utilized, -, num, deceased
NZ, 2005, utilized, -, pmp, deceased
NZ, 2005, living, 52, num, living
NZ, 2005, living, 12.70, pmp, living
NZ, 2006, actual, 25, num, deceased
NZ, 2006, actual, 6, pmp, deceased
NZ, 2006, utilized, -, num, deceased
NZ, 2006, utilized, -, pmp, deceased
NZ, 2006, living, 51, num, living
NZ, 2006, living, 12.10, pmp, living
NZ, 2007, actual, 38, num, deceased
NZ, 2007, actual, 8.90, pmp, deceased
NZ, 2007, utilized, -, num, deceased
NZ, 2007, utilized, -, pmp, deceased
NZ, 2007, living, 62, num, living
NZ, 2007, living, 14.60, pmp, living
NZ, 2008, actual, 31, num, deceased
NZ, 2008, actual, 7.30, pmp, deceased
NZ, 2008, utilized, -, num, deceased
NZ, 2008, utilized, -, pmp, deceased
NZ, 2008, living, 76, num, living
NZ, 2008, living, 17.80, pmp, living
NZ, 2009, actual, 43, num, deceased
NZ, 2009, actual, 9.96, pmp, deceased
NZ, 2009, utilized, -, num, deceased
NZ, 2009, utilized, -, pmp, deceased
NZ, 2009, living, 75, num, living
NZ, 2009, living, 17.40, pmp, living
NZ, 2010, actual, 41, num, deceased
NZ, 2010, actual, 9.40, pmp, deceased
NZ, 2010, utilized, -, num, deceased
NZ, 2010, utilized, -, pmp, deceased
NZ, 2010, living, 66, num, living
NZ, 2010, living, 15.10, pmp, living
NZ, 2011, actual, 38, num, deceased
NZ, 2011, actual, 8.60, pmp, deceased
NZ, 2011, utilized, -, num, deceased
NZ, 2011, utilized, -, pmp, deceased
NZ, 2011, living, 65, num, living
NZ, 2011, living, 14.70, pmp, living
NZ, 2012, actual, 38, num, deceased
NZ, 2012, actual, 8.57, pmp, deceased
NZ, 2012, utilized, -, num, deceased
NZ, 2012, utilized, -, pmp, deceased
NZ, 2012, living, 57, num, living
NZ, 2012, living, 12.86, pmp, living
NZ, 2013, actual, 36, num, deceased
NZ, 2013, actual, 8.10, pmp, deceased
NZ, 2013, utilized, 36, num, deceased
NZ, 2013, utilized, 8.10, pmp, deceased
NZ, 2013, living, 61, num, living
NZ, 2013, living, 13.60, pmp, living
NZ, 2014, actual, 46, num, deceased
NZ, 2014, actual, 10.20, pmp, deceased
NZ, 2014, utilized, 41, num, deceased
NZ, 2014, utilized, 9.10, pmp, deceased
NZ, 2014, living, 76, num, living
NZ, 2014, living, 16.90, pmp, living
NZ, 2015, actual, 53, num, deceased
NZ, 2015, actual, 11.5, pmp, deceased
NZ, 2015, utilized, 50, num, deceased
NZ, 2015, utilized, 10.90, pmp, deceased
NZ, 2015, living, 77, num, living
NZ, 2015, living, 16.80, pmp, living
NZ, 2016, actual, 61, num, deceased
NZ, 2016, actual, 13, pmp, deceased
NZ, 2016, utilized, 61, num, deceased
NZ, 2016, utilized, 13, pmp, deceased
NZ, 2016, living, 86, num, living
NZ, 2016, living, 18.30, pmp, living
NZ, 2017, actual, 73, num, deceased
NZ, 2017, actual, 15.23, pmp, deceased
NZ, 2017, utilized, 68, num, deceased
NZ, 2017, utilized, 14.18, pmp, deceased
NZ, 2017, living, 72, num, living
NZ, 2017, living, 15.02, pmp, living
NZ, 2017, actual, 73, num, deceased
NZ, 2017, actual, 15.23, pmp, deceased
NZ, 2017, utilized, 68, num, deceased
NZ, 2017, utilized, 14.18, pmp, deceased
NZ, 2017, living, 72, num, living
NZ, 2017, living, 15.02, pmp, living
NI, 2018, actual, 1, num, deceased
NI, 2018, actual, 0.15, pmp, deceased
NI, 2018, utilized, 1, num, deceased
NI, 2018, utilized, 0.15, pmp, deceased
NI, 2018, living, 15, num, living
NI, 2018, living, 2.30, pmp, living
NI, 2018, actual, 1, num, deceased
NI, 2018, actual, 0.15, pmp, deceased
NI, 2018, utilized, 1, num, deceased
NI, 2018, utilized, 0.15, pmp, deceased
NI, 2018, living, 15, num, living
NI, 2018, living, 2.30, pmp, living
NI, 2018, actual, 1, num, deceased
NI, 2018, actual, 0.15, pmp, deceased
NI, 2018, utilized, 1, num, deceased
NI, 2018, utilized, 0.15, pmp, deceased
NI, 2018, living, 15, num, living
NI, 2018, living, 2.30, pmp, living
NI, 2018, actual, 1, num, deceased
NI, 2018, actual, 0.15, pmp, deceased
NI, 2018, utilized, 1, num, deceased
NI, 2018, utilized, 0.15, pmp, deceased
NI, 2018, living, 15, num, living
NI, 2018, living, 2.30, pmp, living
NI, 2018, actual, 1, num, deceased
NI, 2018, actual, 0.15, pmp, deceased
NI, 2018, utilized, 1, num, deceased
NI, 2018, utilized, 0.15, pmp, deceased
NI, 2018, living, 15, num, living
NI, 2018, living, 2.30, pmp, living
NI, 2018, actual, 1, num, deceased
NI, 2018, actual, 0.15, pmp, deceased
NI, 2018, utilized, 1, num, deceased
NI, 2018, utilized, 0.15, pmp, deceased
NI, 2018, living, 15, num, living
NI, 2018, living, 2.30, pmp, living
NI, 2018, actual, 1, num, deceased
NI, 2018, actual, 0.15, pmp, deceased
NI, 2018, utilized, 1, num, deceased
NI, 2018, utilized, 0.15, pmp, deceased
NI, 2018, living, 15, num, living
NI, 2018, living, 2.30, pmp, living
NI, 2018, actual, 1, num, deceased
NI, 2018, actual, 0.15, pmp, deceased
NI, 2018, utilized, 1, num, deceased
NI, 2018, utilized, 0.15, pmp, deceased
NI, 2018, living, 15, num, living
NI, 2018, living, 2.30, pmp, living
NI, 2018, actual, 1, num, deceased
NI, 2018, actual, 0.15, pmp, deceased
NI, 2018, utilized, 1, num, deceased
NI, 2018, utilized, 0.15, pmp, deceased
NI, 2018, living, 15, num, living
NI, 2018, living, 2.30, pmp, living
NI, 2018, actual, 1, num, deceased
NI, 2018, actual, 0.15, pmp, deceased
NI, 2018, utilized, 1, num, deceased
NI, 2018, utilized, 0.15, pmp, deceased
NI, 2018, living, 15, num, living
NI, 2018, living, 2.30, pmp, living
NI, 2018, actual, 1, num, deceased
NI, 2018, actual, 0.15, pmp, deceased
NI, 2018, utilized, 1, num, deceased
NI, 2018, utilized, 0.15, pmp, deceased
NI, 2018, living, 15, num, living
NI, 2018, living, 2.30, pmp, living
NI, 2018, actual, 1, num, deceased
NI, 2018, actual, 0.15, pmp, deceased
NI, 2018, utilized, 1, num, deceased
NI, 2018, utilized, 0.15, pmp, deceased
NI, 2018, living, 15, num, living
NI, 2018, living, 2.30, pmp, living
NI, 2018, actual, 1, num, deceased
NI, 2018, actual, 0.15, pmp, deceased
NI, 2018, utilized, 1, num, deceased
NI, 2018, utilized, 0.15, pmp, deceased
NI, 2018, living, 15, num, living
NI, 2018, living, 2.30, pmp, living
NI, 2018, actual, 1, num, deceased
NI, 2018, actual, 0.15, pmp, deceased
NI, 2018, utilized, 1, num, deceased
NI, 2018, utilized, 0.15, pmp, deceased
NI, 2018, living, 15, num, living
NI, 2018, living, 2.30, pmp, living
NI, 2018, actual, 1, num, deceased
NI, 2018, actual, 0.15, pmp, deceased
NI, 2018, utilized, 1, num, deceased
NI, 2018, utilized, 0.15, pmp, deceased
NI, 2018, living, 15, num, living
NI, 2018, living, 2.30, pmp, living
NI, 2018, actual, 1, num, deceased
NI, 2018, actual, 0.15, pmp, deceased
NI, 2018, utilized, 1, num, deceased
NI, 2018, utilized, 0.15, pmp, deceased
NI, 2018, living, 15, num, living
NI, 2018, living, 2.30, pmp, living
NI, 2018, actual, 1, num, deceased
NI, 2018, actual, 0.15, pmp, deceased
NI, 2018, utilized, 1, num, deceased
NI, 2018, utilized, 0.15, pmp, deceased
NI, 2018, living, 15, num, living
NI, 2018, living, 2.30, pmp, living
NI, 2010, actual, 0, num, deceased
NI, 2010, actual, 0, pmp, deceased
NI, 2010, utilized, -, num, deceased
NI, 2010, utilized, -, pmp, deceased
NI, 2010, living, 18, num, living
NI, 2010, living, 3.10, pmp, living
NI, 2011, actual, 0, num, deceased
NI, 2011, actual, 0, pmp, deceased
NI, 2011, utilized, -, num, deceased
NI, 2011, utilized, -, pmp, deceased
NI, 2011, living, 3, num, living
NI, 2011, living, 0.52, pmp, living
NI, 2012, actual, 0, num, deceased
NI, 2012, actual, 0, pmp, deceased
NI, 2012, utilized, -, num, deceased
NI, 2012, utilized, -, pmp, deceased
NI, 2012, living, 11, num, living
NI, 2012, living, 1.8, pmp, living
NI, 2018, actual, 1, num, deceased
NI, 2018, actual, 0.15, pmp, deceased
NI, 2018, utilized, 1, num, deceased
NI, 2018, utilized, 0.15, pmp, deceased
NI, 2018, living, 15, num, living
NI, 2018, living, 2.30, pmp, living
NI, 2018, actual, 1, num, deceased
NI, 2018, actual, 0.15, pmp, deceased
NI, 2018, utilized, 1, num, deceased
NI, 2018, utilized, 0.15, pmp, deceased
NI, 2018, living, 15, num, living
NI, 2018, living, 2.30, pmp, living
NI, 2018, actual, 1, num, deceased
NI, 2018, actual, 0.15, pmp, deceased
NI, 2018, utilized, 1, num, deceased
NI, 2018, utilized, 0.15, pmp, deceased
NI, 2018, living, 15, num, living
NI, 2018, living, 2.30, pmp, living
NI, 2016, actual, 0, num, deceased
NI, 2016, actual, 0, pmp, deceased
NI, 2016, utilized, -, num, deceased
NI, 2016, utilized, -, pmp, deceased
NI, 2016, living, 4, num, living
NI, 2016, living, 0.65, pmp, living
NI, 2017, actual, 1, num, deceased
NI, 2017, actual, 0.15, pmp, deceased
NI, 2017, utilized, 1, num, deceased
NI, 2017, utilized, 0.15, pmp, deceased
NI, 2017, living, 14, num, living
NI, 2017, living, 2.20, pmp, living
NI, 2018, actual, 1, num, deceased
NI, 2018, actual, 0.15, pmp, deceased
NI, 2018, utilized, 1, num, deceased
NI, 2018, utilized, 0.15, pmp, deceased
NI, 2018, living, 15, num, living
NI, 2018, living, 2.30, pmp, living
NO, 1993, actual, 72, num, deceased
NO, 1993, actual, 17.10, pmp, deceased
NO, 1993, utilized, -, num, deceased
NO, 1993, utilized, -, pmp, deceased
NO, 1993, living, 0, num, living
NO, 1993, living, 0, pmp, living
NO, 1994, actual, 70, num, deceased
NO, 1994, actual, 15.90, pmp, deceased
NO, 1994, utilized, -, num, deceased
NO, 1994, utilized, -, pmp, deceased
NO, 1994, living, 0, num, living
NO, 1994, living, 0, pmp, living
NO, 1995, actual, 66, num, deceased
NO, 1995, actual, 15.70, pmp, deceased
NO, 1995, utilized, -, num, deceased
NO, 1995, utilized, -, pmp, deceased
NO, 1995, living, 0, num, living
NO, 1995, living, 0, pmp, living
NO, 1996, actual, 65, num, deceased
NO, 1996, actual, 15.10, pmp, deceased
NO, 1996, utilized, -, num, deceased
NO, 1996, utilized, -, pmp, deceased
NO, 1996, living, 0, num, living
NO, 1996, living, 0, pmp, living
NO, 1997, actual, 66, num, deceased
NO, 1997, actual, 15, pmp, deceased
NO, 1997, utilized, -, num, deceased
NO, 1997, utilized, -, pmp, deceased
NO, 1997, living, 0, num, living
NO, 1997, living, 0, pmp, living
NO, 1998, actual, 69, num, deceased
NO, 1998, actual, 15.60, pmp, deceased
NO, 1998, utilized, -, num, deceased
NO, 1998, utilized, -, pmp, deceased
NO, 1998, living, 0, num, living
NO, 1998, living, 0, pmp, living
NO, 1999, actual, 69, num, deceased
NO, 1999, actual, 15.5, pmp, deceased
NO, 1999, utilized, -, num, deceased
NO, 1999, utilized, -, pmp, deceased
NO, 1999, living, 0, num, living
NO, 1999, living, 0, pmp, living
NO, 2000, actual, 79, num, deceased
NO, 2000, actual, 17.5, pmp, deceased
NO, 2000, utilized, -, num, deceased
NO, 2000, utilized, -, pmp, deceased
NO, 2000, living, 0, num, living
NO, 2000, living, 0, pmp, living
NO, 2001, actual, 65, num, deceased
NO, 2001, actual, 14.30, pmp, deceased
NO, 2001, utilized, -, num, deceased
NO, 2001, utilized, -, pmp, deceased
NO, 2001, living, 0, num, living
NO, 2001, living, 0, pmp, living
NO, 2002, actual, 62, num, deceased
NO, 2002, actual, 13.60, pmp, deceased
NO, 2002, utilized, -, num, deceased
NO, 2002, utilized, -, pmp, deceased
NO, 2002, living, 0, num, living
NO, 2002, living, 0, pmp, living
NO, 2003, actual, 87, num, deceased
NO, 2003, actual, 18.90, pmp, deceased
NO, 2003, utilized, -, num, deceased
NO, 2003, utilized, -, pmp, deceased
NO, 2003, living, 0, num, living
NO, 2003, living, 0, pmp, living
NO, 2004, actual, 90, num, deceased
NO, 2004, actual, 19.5, pmp, deceased
NO, 2004, utilized, -, num, deceased
NO, 2004, utilized, -, pmp, deceased
NO, 2004, living, 95, num, living
NO, 2004, living, 20.60, pmp, living
NO, 2005, actual, 76, num, deceased
NO, 2005, actual, 16.5, pmp, deceased
NO, 2005, utilized, -, num, deceased
NO, 2005, utilized, -, pmp, deceased
NO, 2005, living, 87, num, living
NO, 2005, living, 18.90, pmp, living
NO, 2006, actual, 76, num, deceased
NO, 2006, actual, 16.20, pmp, deceased
NO, 2006, utilized, -, num, deceased
NO, 2006, utilized, -, pmp, deceased
NO, 2006, living, 80, num, living
NO, 2006, living, 17, pmp, living
NO, 2007, actual, 94, num, deceased
NO, 2007, actual, 19.90, pmp, deceased
NO, 2007, utilized, -, num, deceased
NO, 2007, utilized, -, pmp, deceased
NO, 2007, living, 86, num, living
NO, 2007, living, 18.20, pmp, living
NO, 2008, actual, 98, num, deceased
NO, 2008, actual, 20.5, pmp, deceased
NO, 2008, utilized, -, num, deceased
NO, 2008, utilized, -, pmp, deceased
NO, 2008, living, 0, num, living
NO, 2008, living, 0, pmp, living
NO, 2009, actual, 102, num, deceased
NO, 2009, actual, 21.10, pmp, deceased
NO, 2009, utilized, -, num, deceased
NO, 2009, utilized, -, pmp, deceased
NO, 2009, living, 0, num, living
NO, 2009, living, 0, pmp, living
NO, 2010, actual, 102, num, deceased
NO, 2010, actual, 20.87, pmp, deceased
NO, 2010, utilized, -, num, deceased
NO, 2010, utilized, -, pmp, deceased
NO, 2010, living, 83, num, living
NO, 2010, living, 17, pmp, living
NO, 2011, actual, 127, num, deceased
NO, 2011, actual, 25.64, pmp, deceased
NO, 2011, utilized, -, num, deceased
NO, 2011, utilized, -, pmp, deceased
NO, 2011, living, 73, num, living
NO, 2011, living, 14.74, pmp, living
NO, 2012, actual, 117, num, deceased
NO, 2012, actual, 23.49, pmp, deceased
NO, 2012, utilized, -, num, deceased
NO, 2012, utilized, -, pmp, deceased
NO, 2012, living, 81, num, living
NO, 2012, living, 16.35, pmp, living
NO, 2013, actual, 111, num, deceased
NO, 2013, actual, 21.97, pmp, deceased
NO, 2013, utilized, 111, num, deceased
NO, 2013, utilized, 21.97, pmp, deceased
NO, 2013, living, 68, num, living
NO, 2013, living, 13.46, pmp, living
NO, 2014, actual, 116, num, deceased
NO, 2014, actual, 22.64, pmp, deceased
NO, 2014, utilized, 116, num, deceased
NO, 2014, utilized, 22.64, pmp, deceased
NO, 2014, living, 68, num, living
NO, 2014, living, 13.27, pmp, living
NO, 2015, actual, 117, num, deceased
NO, 2015, actual, 22.5, pmp, deceased
NO, 2015, utilized, 110, num, deceased
NO, 2015, utilized, 21.13, pmp, deceased
NO, 2015, living, 66, num, living
NO, 2015, living, 12.69, pmp, living
NO, 2016, actual, 109, num, deceased
NO, 2016, actual, 20.84, pmp, deceased
NO, 2016, utilized, 105, num, deceased
NO, 2016, utilized, 20.07, pmp, deceased
NO, 2016, living, 47, num, living
NO, 2016, living, 8.97, pmp, living
NO, 2017, actual, 116, num, deceased
NO, 2017, actual, 22.06, pmp, deceased
NO, 2017, utilized, 112, num, deceased
NO, 2017, utilized, 21.13, pmp, deceased
NO, 2017, living, 77, num, living
NO, 2017, living, 14.64, pmp, living
NO, 2018, actual, 104, num, deceased
NO, 2018, actual, 19.54, pmp, deceased
NO, 2018, utilized, 100, num, deceased
NO, 2018, utilized, 18.78, pmp, deceased
NO, 2018, living, 73, num, living
NO, 2018, living, 13.71, pmp, living
